Metric,Without_CMBA,With_CMBA
CHR,2.391275384679589,2.7057254539212225
HRR,0.7449430925042043,0.8429022855439515
Latency,0.00010855172441792079,9.427729267400536e-05
