iteration,path_name,Router,Cache occupy,CMBA,Latency(s),CHR,norm_CMBA,norm_CHR,norm_CacheOccupy,norm_Latency,avg_score
1,path_Router1_to_Router34,Router1,0.0,0.028,286.685,48.285,0.0,0.4804364802104311,1.0,0.0,0.37010912005260777
1,path_Router1_to_Router34,Router4,0.0,0.089,145.805,10.934,0.14950980392156862,0.0966565287082323,1.0,0.5603907778962274,0.4516392776315071
1,path_Router1_to_Router34,Router7,0.0,0.145,165.604,43.579,0.2867647058823529,0.4320825284616333,1.0,0.4816345526579579,0.550120446750486
1,path_Router1_to_Router34,Router10,0.0,0.203,56.455,98.851,0.42892156862745107,1.0,1.0,0.9158061385224904,0.8361819267874853
1,path_Router1_to_Router34,Router13,0.0,0.196,113.532,26.255,0.411764705882353,0.2540791582754511,1.0,0.6887659310410668,0.5886524487997178
1,path_Router1_to_Router34,Router16,0.0,0.264,83.048,26.069,0.5784313725490197,0.25216801611113393,1.0,0.8100248213973174,0.6601560525143677
1,path_Router1_to_Router34,Router19,0.0,0.296,194.413,1.527,0.6568627450980392,0.0,1.0,0.36703845725468975,0.5059753005881822
1,path_Router1_to_Router34,Router22,0.0,0.331,147.188,66.561,0.7426470588235294,0.6682216102913979,1.0,0.5548894970484813,0.7414395415408521
1,path_Router1_to_Router34,Router25,0.0,0.317,159.934,57.284,0.7083333333333334,0.572900826106613,1.0,0.5041886107973078,0.6963556925593135
1,path_Router1_to_Router34,Router28,0.0,0.402,134.234,43.255,0.9166666666666667,0.4287534421108874,1.0,0.606417763210234,0.737959467996947
1,path_Router1_to_Router34,Router31,0.0,0.362,139.589,77.053,0.8186274509803921,0.77602646829148,1.0,0.585116708300848,0.79494265689318
1,path_Router1_to_Router34,Router34,0.0,0.436,35.289,90.065,1.0,0.9097242201306974,1.0,1.0,0.9774310550326744
2,path_Router1_to_Router34,Router1,0.0,0.024,236.224,51.728,0.0,0.5065143925152401,1.0,0.0,0.37662859812881
2,path_Router1_to_Router34,Router4,0.0,0.108,151.861,6.176,0.20843672456575682,0.011529225118715158,1.0,0.4255813953488372,0.4113868362583273
2,path_Router1_to_Router34,Router7,0.0,0.148,142.135,51.996,0.3076923076923077,0.5094265813293924,1.0,0.47464561368107755,0.5729411256756944
2,path_Router1_to_Router34,Router10,0.0,0.203,58.398,94.843,0.4441687344913152,0.9750182011800885,1.0,0.8970690611915452,0.8290639992157373
2,path_Router1_to_Router34,Router13,0.0,0.195,126.22,36.068,0.424317617866005,0.33634694165842627,1.0,0.5549311405942592,0.5788989250296726
2,path_Router1_to_Router34,Router16,0.0,0.253,88.185,24.399,0.5682382133995038,0.209547198104904,1.0,0.7468042173233113,0.6311474072069297
2,path_Router1_to_Router34,Router19,0.0,0.277,183.951,5.115,0.6277915632754343,0.0,1.0,0.2636987337940776,0.47287257426737794
2,path_Router1_to_Router34,Router22,0.0,0.344,168.941,67.683,0.7940446650124069,0.679887424342856,1.0,0.3394188568834182,0.7033377365596702
2,path_Router1_to_Router34,Router25,0.0,0.372,131.841,51.811,0.8635235732009926,0.5074163017375335,1.0,0.5265751904353528,0.7243787663434698
2,path_Router1_to_Router34,Router28,0.0,0.35,158.159,42.853,0.8089330024813896,0.4100753039868734,1.0,0.3938102204509913,0.6532046317298136
2,path_Router1_to_Router34,Router31,0.0,0.384,138.098,84.071,0.8933002481389578,0.8579655970530388,1.0,0.49501084598698475,0.8115691727947453
2,path_Router1_to_Router34,Router34,0.0,0.427,37.994,97.142,1.0,1.0,1.0,1.0,1.0
3,path_Router1_to_Router34,Router1,0.0,0.027,269.527,53.97,0.0,0.5195513585381653,1.0,0.0,0.3798878396345413
3,path_Router1_to_Router34,Router4,0.0,0.094,179.354,8.25,0.15124153498871334,0.0,1.0,0.3834978501528921,0.38368484628540134
3,path_Router1_to_Router34,Router7,0.0,0.13,156.492,54.73,0.23250564334085783,0.52818782031614,1.0,0.48072792844900547,0.5603553480265008
3,path_Router1_to_Router34,Router10,0.0,0.173,51.493,96.249,0.32957110609480816,1.0,1.0,0.9272794546065418,0.8142126401753375
3,path_Router1_to_Router34,Router13,0.0,0.198,112.657,37.365,0.3860045146726863,0.3308560324549143,1.0,0.6671543339301588,0.5960037202644398
3,path_Router1_to_Router34,Router16,0.0,0.251,78.109,30.39,0.5056433408577878,0.25159376811100126,1.0,0.8140839439806409,0.6428302632373575
3,path_Router1_to_Router34,Router19,0.0,0.276,197.115,9.605,0.562076749435666,0.015397902248889197,1.0,0.30796187689520393,0.4713591321449398
3,path_Router1_to_Router34,Router22,0.0,0.303,169.957,66.316,0.6230248306997742,0.6598484073682657,1.0,0.42346246592354114,0.6765839259978953
3,path_Router1_to_Router34,Router25,0.0,0.323,141.453,59.346,0.6681715575620768,0.5806429618518392,1.0,0.5446874747483339,0.6983754985405624
3,path_Router1_to_Router34,Router28,0.0,0.38,154.006,36.949,0.7968397291196389,0.3261287060080228,1.0,0.4913006681325037,0.6535672758150414
3,path_Router1_to_Router34,Router31,0.0,0.375,137.442,77.173,0.7855530474040633,0.7832248093728339,1.0,0.5617459055087971,0.7826309405714236
3,path_Router1_to_Router34,Router34,0.0,0.47,34.394,88.927,1.0,0.9167945090285118,1.0,1.0,0.9791986272571279
4,path_Router1_to_Router34,Router1,0.0,0.026,273.141,53.572,0.0,0.5513840399002494,1.0,0.0,0.38784600997506236
4,path_Router1_to_Router34,Router4,0.0,0.11,143.68,9.351,0.1971830985915493,0.0,1.0,0.566717737699177,0.44097520907268156
4,path_Router1_to_Router34,Router7,0.0,0.136,147.043,43.075,0.2582159624413146,0.420498753117207,1.0,0.5519961477849764,0.5576777158358746
4,path_Router1_to_Router34,Router10,0.0,0.181,57.584,89.551,0.363849765258216,1.0,1.0,0.9436044475573454,0.8268635532038904
4,path_Router1_to_Router34,Router13,0.0,0.216,118.116,35.388,0.4460093896713615,0.32465087281795507,1.0,0.6786245841358782,0.6123212116562987
4,path_Router1_to_Router34,Router16,0.0,0.275,67.406,26.025,0.5845070422535212,0.20790523690773066,1.0,0.900608474873052,0.673255188508576
4,path_Router1_to_Router34,Router19,0.0,0.31,211.86,11.481,0.6666666666666666,0.026558603491271808,1.0,0.26825862370863246,0.4903709734666427
4,path_Router1_to_Router34,Router22,0.0,0.336,164.172,65.851,0.727699530516432,0.7044887780548628,1.0,0.47701365785326566,0.7273004916061401
4,path_Router1_to_Router34,Router25,0.0,0.361,148.065,58.198,0.7863849765258215,0.6090648379052369,1.0,0.5475223253370688,0.7357430349420317
4,path_Router1_to_Router34,Router28,0.0,0.365,165.865,43.466,0.7957746478873239,0.42537406483790524,1.0,0.46960252144983367,0.6726878085437658
4,path_Router1_to_Router34,Router31,0.0,0.377,123.685,70.447,0.823943661971831,0.7617955112219451,1.0,0.6542461915601471,0.8099963411884807
4,path_Router1_to_Router34,Router34,0.0,0.452,44.701,87.953,1.0,0.980074812967581,1.0,1.0,0.9950187032418952
5,path_Router1_to_Router34,Router1,0.0,0.023,232.815,58.71,0.0,0.6532112356776533,1.0,0.0,0.4133028089194133
5,path_Router1_to_Router34,Router4,0.0,0.101,147.88,19.15,0.1884057971014493,0.20926056851720926,1.0,0.4384918791107807,0.4590395611823598
5,path_Router1_to_Router34,Router7,0.0,0.147,179.063,49.571,0.2995169082125604,0.5506514493485507,1.0,0.27750415595411415,0.5319181283788063
5,path_Router1_to_Router34,Router10,0.0,0.207,56.905,89.612,0.4444444444444445,1.0,1.0,0.9081663207673801,0.8381526913029562
5,path_Router1_to_Router34,Router13,0.0,0.208,106.488,33.973,0.44685990338164255,0.37560740217037564,1.0,0.6521853607161664,0.6186631665670461
5,path_Router1_to_Router34,Router16,0.0,0.25,85.526,25.478,0.5483091787439613,0.2802747197252803,1.0,0.7604053733130955,0.6472473179455843
5,path_Router1_to_Router34,Router19,0.0,0.299,191.572,0.503,0.6666666666666666,0.0,1.0,0.21292424289357656,0.46989772739006075
5,path_Router1_to_Router34,Router22,0.0,0.28,181.572,69.64,0.6207729468599035,0.7758700019077759,1.0,0.26455100207539567,0.6652984877107688
5,path_Router1_to_Router34,Router25,0.0,0.341,143.656,58.944,0.7681159420289856,0.6558372330516559,1.0,0.46029902218918106,0.7210630493174557
5,path_Router1_to_Router34,Router28,0.0,0.394,141.697,31.012,0.8961352657004831,0.34237843539934243,1.0,0.47041270431289944,0.6772316013531813
5,path_Router1_to_Router34,Router31,0.0,0.437,134.222,68.723,1.0,0.7655792344207656,1.0,0.5090037068013091,0.8186457353055188
5,path_Router1_to_Router34,Router34,0.0,0.433,39.117,89.325,0.9903381642512077,0.9967792254429969,1.0,1.0,0.9967793474235511
6,path_Router1_to_Router34,Router1,0.0,0.025,303.81,54.866,0.0,0.5015060587247936,1.0,0.0,0.37537651468119837
6,path_Router1_to_Router34,Router4,0.0,0.101,154.529,12.756,0.1723356009070295,0.017382906808305173,1.0,0.5560683607864172,0.436446717125438
6,path_Router1_to_Router34,Router7,0.0,0.13,135.966,44.232,0.2380952380952381,0.37925087949230873,1.0,0.6252151174485393,0.5606403087590215
6,path_Router1_to_Router34,Router10,0.0,0.175,58.016,98.226,0.3401360544217687,1.0,1.0,0.9155771107584798,0.8139282912950621
6,path_Router1_to_Router34,Router13,0.0,0.219,104.532,32.071,0.4399092970521542,0.23944034397921407,1.0,0.7423060590483428,0.6054139250199277
6,path_Router1_to_Router34,Router16,0.0,0.253,73.854,18.925,0.5170068027210885,0.08830562645144974,1.0,0.856580917685448,0.6154733367144966
6,path_Router1_to_Router34,Router19,0.0,0.317,217.268,11.244,0.6621315192743764,0.0,1.0,0.32236699967965193,0.4961246297385071
6,path_Router1_to_Router34,Router22,0.0,0.325,163.063,68.16,0.6802721088435374,0.6543422777126302,1.0,0.5242794031096112,0.7147234474164448
6,path_Router1_to_Router34,Router25,0.0,0.342,155.014,59.051,0.7188208616780045,0.5496194614977812,1.0,0.5542617467164322,0.7056755174730545
6,path_Router1_to_Router34,Router28,0.0,0.377,137.722,34.236,0.7981859410430838,0.26433055114851345,1.0,0.6186740570219549,0.670297637303388
6,path_Router1_to_Router34,Router31,0.0,0.4,112.579,74.093,0.8503401360544217,0.7225517923248489,1.0,0.7123311653964493,0.82130577344393
6,path_Router1_to_Router34,Router34,0.0,0.466,35.352,86.669,1.0,0.8671334299050378,1.0,1.0,0.9667833574762594
7,path_Router1_to_Router34,Router1,0.0,0.024,298.242,47.667,0.0,0.4644061051547357,1.0,0.0,0.3661015262886839
7,path_Router1_to_Router34,Router4,0.0,0.097,172.521,11.145,0.17056074766355142,0.03692822697691839,1.0,0.47740399403059897,0.4212232421677672
7,path_Router1_to_Router34,Router7,0.0,0.145,146.963,55.536,0.2827102803738318,0.5565101362423334,1.0,0.5744561275598744,0.6034191360440099
7,path_Router1_to_Router34,Router10,0.0,0.183,56.224,87.023,0.37149532710280375,0.9250550119387612,1.0,0.9190219599533689,0.8038930747487334
7,path_Router1_to_Router34,Router13,0.0,0.223,99.863,29.312,0.4649532710280374,0.2495669272906035,1.0,0.753310321519843,0.616957629959621
7,path_Router1_to_Router34,Router16,0.0,0.279,76.88,33.597,0.5957943925233645,0.29972142890584763,1.0,0.8405843329801818,0.6840250386023485
7,path_Router1_to_Router34,Router19,0.0,0.254,207.97,7.99,0.5373831775700935,0.0,1.0,0.34279247976973004,0.47004391433495585
7,path_Router1_to_Router34,Router22,0.0,0.289,181.255,54.214,0.6191588785046728,0.5410365653822744,1.0,0.44423812290434916,0.6511083916978241
7,path_Router1_to_Router34,Router25,0.0,0.371,168.098,46.96,0.8107476635514018,0.45613090500491593,1.0,0.49419958001541714,0.6902695371429337
7,path_Router1_to_Router34,Router28,0.0,0.381,179.467,42.48,0.8341121495327103,0.4036939931644739,1.0,0.45102774708270205,0.6722084724449716
7,path_Router1_to_Router34,Router31,0.0,0.413,144.037,75.986,0.9088785046728971,0.7958705931925653,1.0,0.5855671120933535,0.822579052489704
7,path_Router1_to_Router34,Router34,0.0,0.452,34.899,93.426,1.0,1.0,1.0,1.0,1.0
8,path_Router1_to_Router34,Router1,0.0,0.024,232.509,51.361,0.0,0.4830300573842183,1.0,0.0,0.3707575143460546
8,path_Router1_to_Router34,Router4,0.0,0.101,145.34,13.411,0.19543147208121833,0.07824732811400047,1.0,0.4399297477074638,0.42840213697567064
8,path_Router1_to_Router34,Router7,0.0,0.132,140.46,50.523,0.2741116751269036,0.4740917720843911,1.0,0.4645584249759012,0.553190468046799
8,path_Router1_to_Router34,Router10,0.0,0.196,61.962,99.829,0.4365482233502539,1.0,1.0,0.8607268487910247,0.8243187680353197
8,path_Router1_to_Router34,Router13,0.0,0.212,126.777,36.009,0.4771573604060914,0.3192823772852359,1.0,0.5336146116693499,0.5825135873401692
8,path_Router1_to_Router34,Router16,0.0,0.225,83.744,28.027,0.5101522842639594,0.23414467649380297,1.0,0.7507961421801427,0.6237732757344763
8,path_Router1_to_Router34,Router19,0.0,0.305,204.667,6.075,0.7131979695431472,0.0,1.0,0.14051467879258914,0.46342816208393406
8,path_Router1_to_Router34,Router22,0.0,0.326,171.44,58.828,0.7664974619289341,0.5626746592145402,1.0,0.3082066992020914,0.6593447050863914
8,path_Router1_to_Router34,Router25,0.0,0.324,138.007,53.91,0.7614213197969544,0.5102182306888239,1.0,0.4769383727913678,0.6871444808192865
8,path_Router1_to_Router34,Router28,0.0,0.392,133.655,30.177,0.934010152284264,0.2570770313799945,1.0,0.4989023079291219,0.6724973728983451
8,path_Router1_to_Router34,Router31,0.0,0.413,114.65,77.028,0.9873096446700508,0.7567997098790452,1.0,0.5948178840534362,0.834731809650633
8,path_Router1_to_Router34,Router34,0.0,0.418,34.366,86.172,1.0,0.8543315485205965,1.0,1.0,0.9635828871301491
9,path_Router1_to_Router34,Router1,0.0,0.024,292.903,50.038,0.0,0.45799821268990165,1.0,0.0,0.3644995531724754
9,path_Router1_to_Router34,Router4,0.0,0.098,162.932,9.038,0.1813725490196079,0.0,1.0,0.5128497527907225,0.4235555754525826
9,path_Router1_to_Router34,Router7,0.0,0.146,147.658,45.489,0.29901960784313725,0.40718275245755126,1.0,0.5731190984457186,0.5698303646866019
9,path_Router1_to_Router34,Router10,0.0,0.188,53.187,98.558,0.4019607843137255,1.0,1.0,0.9458901704224851,0.8369627386840526
9,path_Router1_to_Router34,Router13,0.0,0.21,110.365,30.871,0.4558823529411765,0.2438896336014298,1.0,0.7202727391103623,0.6050111814132422
9,path_Router1_to_Router34,Router16,0.0,0.235,71.856,31.134,0.5171568627450981,0.24682752457551382,1.0,0.8722245678276755,0.6590522387870719
9,path_Router1_to_Router34,Router19,0.0,0.296,175.843,9.905,0.6666666666666666,0.009684986595174251,1.0,0.4619045176361033,0.5345640427244861
9,path_Router1_to_Router34,Router22,0.0,0.32,177.681,57.181,0.7254901960784313,0.537790437890974,1.0,0.4546519932604398,0.6794831568074613
9,path_Router1_to_Router34,Router25,0.0,0.382,150.609,58.076,0.8774509803921569,0.5477882037533511,1.0,0.5614748114856626,0.7466784989077927
9,path_Router1_to_Router34,Router28,0.0,0.415,157.691,31.323,0.9583333333333333,0.24893878462913313,1.0,0.5335301011328617,0.685200554773832
9,path_Router1_to_Router34,Router31,0.0,0.432,132.18,78.331,1.0,0.774050491510277,1.0,0.6341934032806033,0.85206097369772
9,path_Router1_to_Router34,Router34,0.0,0.422,39.474,94.702,0.9754901960784313,0.9569258266309204,1.0,1.0,0.9831040056773379
10,path_Router1_to_Router34,Router1,0.0,0.022,309.044,46.467,0.0,0.5270339242573752,1.0,0.0,0.3817584810643438
10,path_Router1_to_Router34,Router4,0.0,0.103,151.037,12.895,0.199017199017199,0.14625653589211382,1.0,0.5945186305606665,0.4849480913674948
10,path_Router1_to_Router34,Router7,0.0,0.147,179.043,53.969,0.30712530712530717,0.6121224494425352,1.0,0.4891429904467346,0.6020976867536443
10,path_Router1_to_Router34,Router10,0.0,0.174,52.271,88.167,0.3734643734643735,1.0,1.0,0.9661365149958799,0.8349002221150633
10,path_Router1_to_Router34,Router13,0.0,0.209,121.921,28.287,0.4594594594594595,0.3208343257681445,1.0,0.7040707671584397,0.621091138096511
10,path_Router1_to_Router34,Router16,0.0,0.26,68.981,25.194,0.5847665847665848,0.28575317295586783,1.0,0.9032633111715638,0.6934457672235042
10,path_Router1_to_Router34,Router19,0.0,0.279,186.322,0.0,0.6314496314496315,0.0,1.0,0.4617549562972913,0.5233011469367307
10,path_Router1_to_Router34,Router22,0.0,0.309,147.452,68.556,0.7051597051597052,0.7775698390554289,1.0,0.6080075854206409,0.7726842824089438
10,path_Router1_to_Router34,Router25,0.0,0.356,166.83,59.0,0.8206388206388207,0.6691846155591094,1.0,0.5350957395973255,0.7562297939488138
10,path_Router1_to_Router34,Router28,0.0,0.368,172.296,34.246,0.8501228501228502,0.38842197193961464,1.0,0.51452931637149,0.6882685346084887
10,path_Router1_to_Router34,Router31,0.0,0.425,133.58,80.79,0.9901719901719902,0.9163292388308552,1.0,0.6602025036403246,0.8916759331607925
10,path_Router1_to_Router34,Router34,0.0,0.429,43.271,83.296,1.0,0.9447525718239251,1.0,1.0,0.9861881429559813
11,path_Router1_to_Router34,Router1,0.0,0.023,276.353,57.488,0.0,0.6321406311611992,1.0,0.0,0.4080351577902998
11,path_Router1_to_Router34,Router4,0.0,0.101,141.574,18.125,0.1994884910485934,0.13144739687344975,1.0,0.5692810650762609,0.47505423824957604
11,path_Router1_to_Router34,Router7,0.0,0.163,167.863,46.691,0.3580562659846548,0.49480392281567603,1.0,0.45824128944511794,0.5777753695613622
11,path_Router1_to_Router34,Router10,0.0,0.167,50.88,86.408,0.3682864450127878,1.0,1.0,0.9523554083791969,0.8301604633479962
11,path_Router1_to_Router34,Router13,0.0,0.236,97.176,25.647,0.5447570332480819,0.2271264484780645,1.0,0.7568098397908369,0.6321733303792458
11,path_Router1_to_Router34,Router16,0.0,0.224,79.449,30.185,0.5140664961636829,0.2848493328414973,1.0,0.8316853429523595,0.6576502929893849
11,path_Router1_to_Router34,Router19,0.0,0.268,180.065,7.791,0.6265984654731459,0.0,1.0,0.4067023437928981,0.508325202316511
11,path_Router1_to_Router34,Router22,0.0,0.294,174.606,58.911,0.6930946291560102,0.6502410420138138,1.0,0.4297601297554836,0.6932739502313269
11,path_Router1_to_Router34,Router25,0.0,0.359,158.961,50.184,0.8593350383631714,0.5392345167075823,1.0,0.49584165776146444,0.7236028032080545
11,path_Router1_to_Router34,Router28,0.0,0.385,146.46,35.922,0.9258312020460359,0.3578233715354185,1.0,0.5486435229965406,0.7080745241444988
11,path_Router1_to_Router34,Router31,0.0,0.382,135.541,69.663,0.9181585677749361,0.7870053550758741,1.0,0.5947633187330256,0.824981810395959
11,path_Router1_to_Router34,Router34,0.0,0.414,39.6,81.528,1.0,0.9379269114822495,1.0,1.0,0.9844817278705624
12,path_Router1_to_Router34,Router1,0.0,0.024,242.873,50.158,0.0,0.576101421035122,1.0,0.0,0.39402535525878046
12,path_Router1_to_Router34,Router4,0.0,0.103,167.107,20.088,0.18202764976958521,0.21882277458295712,1.0,0.3793364141128406,0.44504670961634574
12,path_Router1_to_Router34,Router7,0.0,0.15,138.956,47.954,0.2903225806451613,0.5499144527351363,1.0,0.5202795732302624,0.59012915165264
12,path_Router1_to_Router34,Router10,0.0,0.174,47.131,85.835,0.3456221198156682,1.0,1.0,0.9800183244631583,0.8314101110697066
12,path_Router1_to_Router34,Router13,0.0,0.22,94.932,38.048,0.4516129032258065,0.4322156741599735,1.0,0.7406938262580544,0.6561306009109585
12,path_Router1_to_Router34,Router16,0.0,0.259,72.754,31.95,0.5414746543778802,0.359761893446129,1.0,0.8517320623031746,0.6882421525317959
12,path_Router1_to_Router34,Router19,0.0,0.298,174.563,1.671,0.6313364055299538,0.0,1.0,0.3420065787826749,0.49333574607815717
12,path_Router1_to_Router34,Router22,0.0,0.329,151.721,64.172,0.7027649769585254,0.7426096668409297,1.0,0.45636925295269176,0.7254359741880366
12,path_Router1_to_Router34,Router25,0.0,0.381,132.184,51.159,0.8225806451612903,0.5879948671641082,1.0,0.5541848367570706,0.7411900872706173
12,path_Router1_to_Router34,Router28,0.0,0.334,143.484,29.839,0.7142857142857143,0.3346799106506345,1.0,0.4976093084267496,0.6366437333407746
12,path_Router1_to_Router34,Router31,0.0,0.401,124.276,83.562,0.868663594470046,0.9729932037450691,1.0,0.5937776932204493,0.8588586228588911
12,path_Router1_to_Router34,Router34,0.0,0.458,43.14,85.087,1.0,0.9911125897058126,1.0,1.0,0.9977781474264531
13,path_Router1_to_Router34,Router1,0.0,0.027,245.351,57.476,0.0,0.5945830289113871,1.0,0.0,0.3986457572278468
13,path_Router1_to_Router34,Router4,0.0,0.096,162.732,13.386,0.14556962025316458,0.13440141947604634,1.0,0.40443206516418323,0.4211007762233485
13,path_Router1_to_Router34,Router7,0.0,0.162,171.32,56.407,0.2848101265822785,0.5834255296941864,1.0,0.3623925515458871,0.557657051955588
13,path_Router1_to_Router34,Router10,0.0,0.195,56.688,92.701,0.3544303797468355,0.9622377622377621,1.0,0.9235329247518161,0.8100502666841034
13,path_Router1_to_Router34,Router13,0.0,0.226,99.97,31.107,0.419831223628692,0.3193612357791462,1.0,0.7116612167374832,0.6127134190363304
13,path_Router1_to_Router34,Router16,0.0,0.283,70.77,24.416,0.540084388185654,0.24952510176390774,1.0,0.8545994791564686,0.6610522422765076
13,path_Router1_to_Router34,Router19,0.0,0.283,193.392,0.509,0.540084388185654,0.0,1.0,0.2543468896242486,0.4486078194524757
13,path_Router1_to_Router34,Router22,0.0,0.313,165.459,69.13,0.6033755274261603,0.7162196012942281,1.0,0.3910830020951225,0.6776695327038778
13,path_Router1_to_Router34,Router25,0.0,0.319,149.988,55.932,0.6160337552742616,0.5784678008558606,1.0,0.46681580544731843,0.6653293403943602
13,path_Router1_to_Router34,Router28,0.0,0.41,171.297,36.736,0.8080168776371307,0.3781129318442751,1.0,0.36250513990327193,0.6371587373461693
13,path_Router1_to_Router34,Router31,0.0,0.376,110.549,72.417,0.7362869198312236,0.7505270848554431,1.0,0.6598754674864404,0.7866723680432768
13,path_Router1_to_Router34,Router34,0.0,0.501,41.067,96.319,1.0,1.0,1.0,1.0,1.0
14,path_Router1_to_Router34,Router1,0.0,0.024,295.491,60.493,0.0,0.6410125992095029,1.0,0.0,0.4102531498023757
14,path_Router1_to_Router34,Router4,0.0,0.103,137.715,14.54,0.18287037037037035,0.15407275540155344,1.0,0.6192077801281773,0.4890377264750253
14,path_Router1_to_Router34,Router7,0.0,0.146,137.756,47.601,0.2824074074074074,0.5044028356168738,1.0,0.6190468715046525,0.6014642786322334
14,path_Router1_to_Router34,Router10,0.0,0.169,54.831,94.371,0.3356481481481482,1.0,1.0,0.9444943740850774,0.8200356305583063
14,path_Router1_to_Router34,Router13,0.0,0.201,115.046,32.073,0.40972222222222227,0.3398607623104556,1.0,0.7081745505351192,0.6144393837669493
14,path_Router1_to_Router34,Router16,0.0,0.265,79.87,25.083,0.5578703703703705,0.265791397781098,1.0,0.846226300318285,0.6674720171174384
14,path_Router1_to_Router34,Router19,0.0,0.284,165.537,0.0,0.6018518518518517,0.0,1.0,0.5100175429645647,0.5279673487041041
14,path_Router1_to_Router34,Router22,0.0,0.351,187.216,60.268,0.7569444444444443,0.6386283921967554,1.0,0.4249361271256617,0.7051272409417153
14,path_Router1_to_Router34,Router25,0.0,0.359,157.892,53.678,0.7754629629629629,0.5687976179122823,1.0,0.5400211143510869,0.721070423806583
14,path_Router1_to_Router34,Router28,0.0,0.393,151.045,32.758,0.8541666666666666,0.34711934810482037,1.0,0.5668928544797354,0.6920447173128055
14,path_Router1_to_Router34,Router31,0.0,0.435,130.833,75.846,0.9513888888888888,0.8037002892837843,1.0,0.646216881276908,0.8503265148623953
14,path_Router1_to_Router34,Router34,0.0,0.456,40.688,93.331,1.0,0.9889796653633003,1.0,1.0,0.997244916340825
15,path_Router1_to_Router34,Router1,0.0,0.028,249.266,52.478,0.0,0.5266976982932605,1.0,0.0,0.38167442457331513
15,path_Router1_to_Router34,Router4,0.0,0.088,172.122,16.818,0.1411764705882353,0.11068724553482892,1.0,0.365890561044209,0.40443856929181826
15,path_Router1_to_Router34,Router7,0.0,0.143,142.289,52.995,0.27058823529411763,0.5327290332365052,1.0,0.5073871532306642,0.5776761054403218
15,path_Router1_to_Router34,Router10,0.0,0.2,55.4,93.049,0.4047058823529412,1.0,1.0,0.9194978158689805,0.8310509245554805
15,path_Router1_to_Router34,Router13,0.0,0.203,98.6,39.277,0.411764705882353,0.3726945018024009,1.0,0.7146021371757597,0.6247653362151284
15,path_Router1_to_Router34,Router16,0.0,0.243,80.936,32.855,0.5058823529411764,0.2977752890257702,1.0,0.7983817035747655,0.650509836385428
15,path_Router1_to_Router34,Router19,0.0,0.251,193.154,7.33,0.5247058823529412,0.0,1.0,0.2661367204359725,0.4477106506972285
15,path_Router1_to_Router34,Router22,0.0,0.299,185.925,63.019,0.6376470588235293,0.6496692681902495,1.0,0.30042354592840975,0.6469349682355472
15,path_Router1_to_Router34,Router25,0.0,0.305,139.172,46.479,0.6517647058823529,0.45671321410655746,1.0,0.522170945603043,0.6576622163979884
15,path_Router1_to_Router34,Router28,0.0,0.353,147.202,32.598,0.7647058823529411,0.29477712059170075,1.0,0.48408501273483556,0.6358920039198694
15,path_Router1_to_Router34,Router31,0.0,0.391,124.333,81.952,0.8541176470588235,0.8705421201833898,1.0,0.5925516626430594,0.8293028574713182
15,path_Router1_to_Router34,Router34,0.0,0.453,38.427,83.719,1.0,0.8911559864207467,1.0,1.0,0.9727889966051867
16,path_Router1_to_Router34,Router1,0.0,0.028,286.17,55.426,0.0,0.5687054725843053,1.0,0.0,0.3921763681460763
16,path_Router1_to_Router34,Router4,0.0,0.094,156.975,19.644,0.16417910447761197,0.19103910496596124,1.0,0.5174361089861945,0.4681635796074419
16,path_Router1_to_Router34,Router7,0.0,0.147,165.008,55.513,0.2960199004975124,0.5696237268457438,1.0,0.4852633138820024,0.5877267353063147
16,path_Router1_to_Router34,Router10,0.0,0.177,60.248,85.951,0.37064676616915426,0.8908860625890548,1.0,0.9048353311999616,0.7915920399895426
16,path_Router1_to_Router34,Router13,0.0,0.228,120.431,34.52,0.49751243781094534,0.34805002902527843,1.0,0.663797695477866,0.6273400405785224
16,path_Router1_to_Router34,Router16,0.0,0.283,71.601,18.673,0.6343283582089552,0.18079054303657183,1.0,0.8593656756767581,0.6686211442305713
16,path_Router1_to_Router34,Router19,0.0,0.3,176.212,1.544,0.6766169154228855,0.0,1.0,0.44039041504627874,0.529251832617291
16,path_Router1_to_Router34,Router22,0.0,0.301,172.892,57.038,0.6791044776119403,0.5857195630376273,1.0,0.45368727546529003,0.6796278290287144
16,path_Router1_to_Router34,Router25,0.0,0.328,147.359,48.509,0.746268656716418,0.4956989814765951,1.0,0.5559489432600537,0.6994791453632667
16,path_Router1_to_Router34,Router28,0.0,0.409,169.908,39.856,0.9477611940298507,0.40436962372684576,1.0,0.4656384295286424,0.7044423118213347
16,path_Router1_to_Router34,Router31,0.0,0.364,126.056,74.672,0.835820895522388,0.7718402026492163,1.0,0.6412691292558965,0.8122325568568752
16,path_Router1_to_Router34,Router34,0.0,0.43,36.487,96.289,1.0,1.0,1.0,1.0,1.0
17,path_Router1_to_Router34,Router1,0.0,0.028,309.634,61.351,0.0,0.6302558992428834,1.0,0.0,0.4075639748107208
17,path_Router1_to_Router34,Router4,0.0,0.103,164.189,5.24,0.15856236786469344,0.053830270281376165,1.0,0.536840046063899,0.4373081710524922
17,path_Router1_to_Router34,Router7,0.0,0.157,140.331,43.757,0.27272727272727276,0.4495135757065223,1.0,0.6249003425264278,0.5867852977400557
17,path_Router1_to_Router34,Router10,0.0,0.165,57.605,95.513,0.2896405919661734,0.9812004972108934,1.0,0.9302434595169198,0.8002711371734967
17,path_Router1_to_Router34,Router13,0.0,0.201,115.151,33.785,0.36575052854122625,0.34707169493440715,1.0,0.7178401641764602,0.6076655969130234
17,path_Router1_to_Router34,Router16,0.0,0.281,88.164,24.764,0.5348837209302326,0.25439939184122123,1.0,0.8174496545207584,0.651683191823053
17,path_Router1_to_Router34,Router19,0.0,0.302,166.939,0.0,0.5792811839323467,0.0,1.0,0.5266897478296818,0.5264927329405071
17,path_Router1_to_Router34,Router22,0.0,0.33,144.237,60.917,0.638477801268499,0.6257974379256854,1.0,0.6104832280162996,0.718689616802621
17,path_Router1_to_Router34,Router25,0.0,0.312,168.777,58.461,0.6004228329809725,0.6005670669693763,1.0,0.5199056575916849,0.6802238893855084
17,path_Router1_to_Router34,Router28,0.0,0.371,158.016,31.908,0.7251585623678647,0.32778936338514325,1.0,0.5596246973365618,0.6531431557723925
17,path_Router1_to_Router34,Router31,0.0,0.376,122.33,83.746,0.7357293868921776,0.8603186669817038,1.0,0.6913423492588437,0.8218476007831813
17,path_Router1_to_Router34,Router34,0.0,0.501,38.706,97.343,1.0,1.0,1.0,1.0,1.0
18,path_Router1_to_Router34,Router1,0.0,0.028,287.251,46.626,0.0,0.45673112271156535,1.0,0.0,0.36418278067789134
18,path_Router1_to_Router34,Router4,0.0,0.094,151.795,9.354,0.14634146341463417,0.0,1.0,0.5542162759297902,0.4251394348361061
18,path_Router1_to_Router34,Router7,0.0,0.132,153.502,51.689,0.23059866962305992,0.5187731294267579,1.0,0.5472321099791334,0.5741509772572378
18,path_Router1_to_Router34,Router10,0.0,0.202,46.946,88.14,0.385809312638581,0.9654437173737226,1.0,0.9832044515363529,0.8336143703871641
18,path_Router1_to_Router34,Router13,0.0,0.245,119.449,39.194,0.48115299334811534,0.36565938779011353,1.0,0.6865594697434638,0.6333429627204232
18,path_Router1_to_Router34,Router16,0.0,0.224,67.106,19.3,0.434589800443459,0.12187829326275032,1.0,0.9007201014688434,0.6142970487937631
18,path_Router1_to_Router34,Router19,0.0,0.283,212.163,11.898,0.5654101995565409,0.031174178369237564,1.0,0.3072214721165254,0.47595146251057596
18,path_Router1_to_Router34,Router22,0.0,0.344,161.496,69.42,0.7006651884700664,0.7360488199397104,1.0,0.5145247739454195,0.737809695588799
18,path_Router1_to_Router34,Router25,0.0,0.359,154.452,52.629,0.7339246119733924,0.5302918903021837,1.0,0.5433451986416268,0.7018904252293007
18,path_Router1_to_Router34,Router28,0.0,0.344,174.363,42.234,0.7006651884700664,0.4029115506212779,1.0,0.4618796284931058,0.6413640918961125
18,path_Router1_to_Router34,Router31,0.0,0.395,147.864,70.678,0.8137472283813748,0.7514643531112909,1.0,0.5702999058958307,0.7838778718471241
18,path_Router1_to_Router34,Router34,0.0,0.479,42.841,90.96,1.0,1.0,1.0,1.0,1.0
19,path_Router1_to_Router34,Router1,0.0,0.024,239.247,48.876,0.0,0.4747916775850322,1.0,0.0,0.36869791939625807
19,path_Router1_to_Router34,Router4,0.0,0.089,171.951,19.902,0.16331658291457288,0.09517320895131284,1.0,0.33007003982656813,0.39713995792311346
19,path_Router1_to_Router34,Router7,0.0,0.142,169.173,47.713,0.2964824120603015,0.45955400660342755,1.0,0.3436954346589237,0.5249329633306632
19,path_Router1_to_Router34,Router10,0.0,0.171,49.327,86.767,0.3693467336683418,0.971241025103506,1.0,0.9315100743560064,0.8180244582819636
19,path_Router1_to_Router34,Router13,0.0,0.216,95.047,26.728,0.4824120603015076,0.18460772496200412,1.0,0.7072649153440191,0.5935711751518827
19,path_Router1_to_Router34,Router16,0.0,0.252,72.72,21.079,0.5728643216080402,0.11059430847439863,1.0,0.8167732632281102,0.6250579733276374
19,path_Router1_to_Router34,Router19,0.0,0.251,204.695,12.638,0.5703517587939699,0.0,1.0,0.16946891369602332,0.4349551681224983
19,path_Router1_to_Router34,Router22,0.0,0.321,158.562,65.05,0.7462311557788945,0.686704051150359,1.0,0.395739734358753,0.7071687353220018
19,path_Router1_to_Router34,Router25,0.0,0.328,158.528,55.323,0.763819095477387,0.5592605209370578,1.0,0.3959064958505818,0.6797465280662567
19,path_Router1_to_Router34,Router28,0.0,0.337,143.108,37.511,0.7864321608040201,0.3258870080184477,1.0,0.4715377371446509,0.6459642264917796
19,path_Router1_to_Router34,Router31,0.0,0.367,112.727,68.703,0.8618090452261307,0.7345657984382371,1.0,0.620548939593102,0.8042309458143674
19,path_Router1_to_Router34,Router34,0.0,0.422,35.363,88.962,1.0,1.0,1.0,1.0,1.0
20,path_Router1_to_Router34,Router1,0.0,0.025,279.89,58.557,0.0,0.6207806801797981,1.0,0.0,0.40519517004494954
20,path_Router1_to_Router34,Router4,0.0,0.11,154.337,17.592,0.18640350877192982,0.18649817657535406,1.0,0.5162965704416482,0.47229956394723305
20,path_Router1_to_Router34,Router7,0.0,0.16,156.507,49.666,0.2960526315789474,0.5265244678144347,1.0,0.5073731392384242,0.5824875596579515
20,path_Router1_to_Router34,Router10,0.0,0.164,52.492,94.328,0.30482456140350883,1.0,1.0,0.9351015708528663,0.8099815330640937
20,path_Router1_to_Router34,Router13,0.0,0.237,105.916,35.575,0.4649122807017544,0.3771414638283437,1.0,0.7154124516818817,0.639366549052995
20,path_Router1_to_Router34,Router16,0.0,0.245,81.918,32.33,0.48245614035087725,0.34274022559579337,1.0,0.814096553992927,0.6598232299848994
20,path_Router1_to_Router34,Router19,0.0,0.313,161.549,0.0,0.631578947368421,0.0,1.0,0.48663952627683194,0.5295546184113132
20,path_Router1_to_Router34,Router22,0.0,0.305,181.62,59.053,0.6140350877192983,0.6260389279959291,1.0,0.40410395591742737,0.6610444929081637
20,path_Router1_to_Router34,Router25,0.0,0.33,166.186,45.938,0.668859649122807,0.48700279874480534,1.0,0.467571346327823,0.6558584485488588
20,path_Router1_to_Router34,Router28,0.0,0.352,179.4,30.148,0.7171052631578947,0.3196081757272496,1.0,0.4132329961345505,0.6124866087549237
20,path_Router1_to_Router34,Router31,0.0,0.444,117.297,74.005,0.918859649122807,0.7845496565176829,1.0,0.6686117279381528,0.8430052583946607
20,path_Router1_to_Router34,Router34,0.0,0.481,36.71,88.411,1.0,0.9372720719192604,1.0,1.0,0.9843180179798151
21,path_Router1_to_Router34,Router1,0.0,0.022,289.33,58.716,0.0,0.58716,1.0,0.0,0.39679
21,path_Router1_to_Router34,Router4,0.0,0.11,139.72,8.025,0.2216624685138539,0.08025,1.0,0.5900355338557586,0.4729870005924031
21,path_Router1_to_Router34,Router7,0.0,0.162,177.69,54.146,0.35264483627204035,0.54146,1.0,0.4402885301761706,0.5835983416120528
21,path_Router1_to_Router34,Router10,0.0,0.164,61.653,100.0,0.35768261964735526,1.0,1.0,0.8979180552214261,0.8139001687171954
21,path_Router1_to_Router34,Router13,0.0,0.235,105.904,25.929,0.5365239294710328,0.25928999999999996,1.0,0.7233998919392178,0.6298034553525627
21,path_Router1_to_Router34,Router16,0.0,0.259,67.672,25.924,0.5969773299748112,0.25923999999999997,1.0,0.8741801775509641,0.6825993768814438
21,path_Router1_to_Router34,Router19,0.0,0.317,161.311,0.0,0.7430730478589421,0.0,1.0,0.5048844262327408,0.5619893685229207
21,path_Router1_to_Router34,Router22,0.0,0.3,166.624,68.434,0.7002518891687657,0.68434,1.0,0.48393088842527043,0.717130694398509
21,path_Router1_to_Router34,Router25,0.0,0.34,146.611,51.322,0.8010075566750631,0.51322,1.0,0.5628586415103269,0.7192715495463475
21,path_Router1_to_Router34,Router28,0.0,0.404,140.571,32.508,0.9622166246851387,0.32508000000000004,1.0,0.5866793394883283,0.7184939910433668
21,path_Router1_to_Router34,Router31,0.0,0.37,147.371,74.196,0.8765743073047859,0.74196,1.0,0.559861335142234,0.794598910611755
21,path_Router1_to_Router34,Router34,0.0,0.419,35.769,94.86,1.0,0.9486,1.0,1.0,0.98715
22,path_Router1_to_Router34,Router1,0.0,0.026,239.536,55.122,0.0,0.5668654874537228,1.0,0.0,0.39171637186343067
22,path_Router1_to_Router34,Router4,0.0,0.103,167.146,17.677,0.1891891891891892,0.18178733031674207,1.0,0.3619174274315312,0.4332234867343656
22,path_Router1_to_Router34,Router7,0.0,0.15,141.622,45.823,0.3046683046683047,0.4712361168243521,1.0,0.4895259426651601,0.5663575910394543
22,path_Router1_to_Router34,Router10,0.0,0.197,57.867,88.237,0.4201474201474202,0.90741464417935,1.0,0.9082632563069324,0.8089563301584256
22,path_Router1_to_Router34,Router13,0.0,0.229,108.593,36.961,0.49877149877149884,0.38010078157136984,1.0,0.6546560809527142,0.6333820903238958
22,path_Router1_to_Router34,Router16,0.0,0.258,71.503,26.427,0.5700245700245701,0.2717708761826409,1.0,0.8400893919547241,0.6704712095404838
22,path_Router1_to_Router34,Router19,0.0,0.258,211.62,0.0,0.5700245700245701,0.0,1.0,0.13956743893049625,0.42739800223876656
22,path_Router1_to_Router34,Router22,0.0,0.343,181.762,55.443,0.7788697788697789,0.5701665981077746,1.0,0.28884400403963645,0.6594700952542975
22,path_Router1_to_Router34,Router25,0.0,0.373,166.483,57.9,0.8525798525798526,0.595433977786919,1.0,0.3652321291083802,0.7033114898687879
22,path_Router1_to_Router34,Router28,0.0,0.349,171.254,29.404,0.7936117936117936,0.302385849444673,1.0,0.3413792758651722,0.6093442297304097
22,path_Router1_to_Router34,Router31,0.0,0.37,148.581,68.918,0.8452088452088452,0.7087412587412588,1.0,0.4547340739333461,0.7521710444708625
22,path_Router1_to_Router34,Router34,0.0,0.433,39.518,97.24,1.0,1.0,1.0,1.0,1.0
23,path_Router1_to_Router34,Router1,0.0,0.023,269.256,46.754,0.0,0.5044091513640987,1.0,0.0,0.3761022878410247
23,path_Router1_to_Router34,Router4,0.0,0.101,176.119,18.13,0.18527315914489315,0.18449141081667092,1.0,0.41186641548816183,0.4454077463624315
23,path_Router1_to_Router34,Router7,0.0,0.161,140.203,54.167,0.327790973871734,0.587260961407352,1.0,0.5706925981939911,0.6214361333682693
23,path_Router1_to_Router34,Router10,0.0,0.164,47.442,91.096,0.33491686460807607,1.0,1.0,0.9808962827350155,0.8289532868357729
23,path_Router1_to_Router34,Router13,0.0,0.203,115.643,32.979,0.42755344418052266,0.3504520916924659,1.0,0.6793007685708474,0.614326576110959
23,path_Router1_to_Router34,Router16,0.0,0.243,65.484,23.237,0.5225653206650832,0.2415700825947492,1.0,0.9011117302130597,0.666311783368223
23,path_Router1_to_Router34,Router19,0.0,0.284,208.936,1.623,0.6199524940617577,0.0,1.0,0.2667444966258943,0.471674247671913
23,path_Router1_to_Router34,Router22,0.0,0.309,154.758,61.555,0.679334916864608,0.6698333575492048,1.0,0.506328106344026,0.7138740951894597
23,path_Router1_to_Router34,Router25,0.0,0.343,157.505,50.157,0.7600950118764846,0.5424429716227241,1.0,0.4941804416850186,0.6991796062960569
23,path_Router1_to_Router34,Router28,0.0,0.41,147.858,30.966,0.9192399049881235,0.32795368435170386,1.0,0.5368409880867097,0.6960086443566342
23,path_Router1_to_Router34,Router31,0.0,0.433,123.763,80.762,0.9738717339667459,0.8845014697171213,1.0,0.6433928555635154,0.8754415148118457
23,path_Router1_to_Router34,Router34,0.0,0.444,43.122,86.804,1.0,0.9520302214075754,1.0,1.0,0.9880075553518939
24,path_Router1_to_Router34,Router1,0.0,0.026,253.321,48.365,0.0,0.4868216365171785,1.0,0.0,0.3717054091292946
24,path_Router1_to_Router34,Router4,0.0,0.101,156.615,10.531,0.15856236786469347,0.06642517445219788,1.0,0.4659497171711331,0.42273431487200613
24,path_Router1_to_Router34,Router7,0.0,0.157,170.238,48.723,0.2769556025369979,0.4907995910929374,1.0,0.40031125629980824,0.5420166124824359
24,path_Router1_to_Router34,Router10,0.0,0.193,57.615,89.175,0.3530655391120508,0.9402862349437752,1.0,0.9429524057317413,0.8090760449468919
24,path_Router1_to_Router34,Router13,0.0,0.214,103.329,34.766,0.3974630021141649,0.3357149206631405,1.0,0.7226928006321491,0.6139676808523636
24,path_Router1_to_Router34,Router16,0.0,0.243,84.067,29.968,0.45877378435517974,0.2824014400640028,1.0,0.8155011419155273,0.6391690915836774
24,path_Router1_to_Router34,Router19,0.0,0.252,177.274,4.553,0.47780126849894294,0.0,1.0,0.36641033794917754,0.46105290161203016
24,path_Router1_to_Router34,Router22,0.0,0.291,154.15,60.786,0.5602536997885834,0.6248388817280768,1.0,0.47782660229539475,0.6657297959530137
24,path_Router1_to_Router34,Router25,0.0,0.311,168.979,53.947,0.602536997885835,0.5488466154051291,1.0,0.406377381399786,0.6394402486726876
24,path_Router1_to_Router34,Router28,0.0,0.361,139.117,33.836,0.708245243128964,0.3253811280501355,1.0,0.5502587378219769,0.645971277250269
24,path_Router1_to_Router34,Router31,0.0,0.428,126.921,68.884,0.8498942917547568,0.714820658695942,1.0,0.6090216144854634,0.7934341412340407
24,path_Router1_to_Router34,Router34,0.0,0.499,45.775,94.549,1.0,1.0,1.0,1.0,1.0
25,path_Router1_to_Router34,Router1,0.0,0.026,298.428,52.681,0.0,0.49773017611095904,1.0,0.0,0.37443254402773973
25,path_Router1_to_Router34,Router4,0.0,0.103,135.697,18.71,0.175,0.11025184779633179,1.0,0.6154099241000351,0.4751654429740917
25,path_Router1_to_Router34,Router7,0.0,0.136,149.654,46.597,0.25000000000000006,0.4283351583173647,1.0,0.5626278708301345,0.5602407572868748
25,path_Router1_to_Router34,Router10,0.0,0.18,59.365,96.716,0.35,1.0,1.0,0.904079386749462,0.8135198466873655
25,path_Router1_to_Router34,Router13,0.0,0.245,97.199,33.05,0.49772727272727274,0.2738160416096359,1.0,0.7610002004333898,0.6331358786925746
25,path_Router1_to_Router34,Router16,0.0,0.247,76.019,28.798,0.5022727272727273,0.22531709097545394,1.0,0.8410979211653877,0.6421719348533923
25,path_Router1_to_Router34,Router19,0.0,0.269,213.591,9.044,0.5522727272727274,0.0,1.0,0.32083334909067523,0.4682765190908506
25,path_Router1_to_Router34,Router22,0.0,0.302,141.003,60.999,0.6272727272727272,0.5926065334428324,1.0,0.5953438945342193,0.7038057888124447
25,path_Router1_to_Router34,Router25,0.0,0.316,165.831,48.739,0.6590909090909091,0.4527671320375946,1.0,0.5014503057554637,0.6533270867209919
25,path_Router1_to_Router34,Router28,0.0,0.417,141.686,40.978,0.8886363636363636,0.3642440003649968,1.0,0.5927609510375264,0.7114103287597217
25,path_Router1_to_Router34,Router31,0.0,0.442,113.385,70.561,0.9454545454545454,0.701672141618761,1.0,0.699788599500051,0.8367288216433393
25,path_Router1_to_Router34,Router34,0.0,0.466,34.001,81.75,1.0,0.8292955561638836,1.0,1.0,0.9573238890409709
26,path_Router1_to_Router34,Router1,0.0,0.025,288.152,54.489,0.0,0.5869129685480395,1.0,0.0,0.39672824213700986
26,path_Router1_to_Router34,Router4,0.0,0.106,178.419,4.318,0.17270788912579957,0.0465101249461439,1.0,0.4441193135826452,0.41583433191364716
26,path_Router1_to_Router34,Router7,0.0,0.137,160.154,53.387,0.23880597014925378,0.5750430848772081,1.0,0.5180427391937834,0.5829729485550613
26,path_Router1_to_Router34,Router10,0.0,0.199,46.795,90.431,0.3710021321961621,0.9740521327014218,1.0,0.9768374615509147,0.8304729316121247
26,path_Router1_to_Router34,Router13,0.0,0.229,125.771,29.94,0.4349680170575694,0.32249030590262817,1.0,0.6572000971345312,0.6036646050236821
26,path_Router1_to_Router34,Router16,0.0,0.252,84.336,23.052,0.48400852878464823,0.24829814735028005,1.0,0.8248988181965354,0.639301373582866
26,path_Router1_to_Router34,Router19,0.0,0.284,194.836,0.0,0.5522388059701492,0.0,1.0,0.3776752468836004,0.48247851321343743
26,path_Router1_to_Router34,Router22,0.0,0.314,152.926,65.808,0.6162046908315565,0.7088323998276606,1.0,0.5472964222114295,0.7180833782176617
26,path_Router1_to_Router34,Router25,0.0,0.334,142.108,48.006,0.6588486140724947,0.5170831538130116,1.0,0.5910798122065727,0.6917528950230198
26,path_Router1_to_Router34,Router28,0.0,0.384,166.866,30.352,0.7654584221748401,0.32692804825506244,1.0,0.4908774485996438,0.6458159797573866
26,path_Router1_to_Router34,Router31,0.0,0.416,148.982,80.585,0.8336886993603411,0.8679987074536837,1.0,0.5632588635259834,0.8162365675850021
26,path_Router1_to_Router34,Router34,0.0,0.494,41.072,92.84,1.0,1.0,1.0,1.0,1.0
27,path_Router1_to_Router34,Router1,0.0,0.027,278.933,61.877,0.0,0.6103392907009215,1.0,0.0,0.4025848226752304
27,path_Router1_to_Router34,Router4,0.0,0.099,173.481,15.915,0.18000000000000005,0.07554919482453688,1.0,0.4483045947692412,0.42596344739844455
27,path_Router1_to_Router34,Router7,0.0,0.142,140.776,45.812,0.2875,0.42341524713767104,1.0,0.5873422779988436,0.5745643812841287
27,path_Router1_to_Router34,Router10,0.0,0.192,60.193,93.88,0.41250000000000003,0.9827096714139439,1.0,0.9299221167908037,0.8312829470511869
27,path_Router1_to_Router34,Router13,0.0,0.244,97.344,35.493,0.5425000000000001,0.30334869217164667,1.0,0.771983301023705,0.654457998298838
27,path_Router1_to_Router34,Router16,0.0,0.238,76.464,20.479,0.5275000000000001,0.1286535418411989,1.0,0.8607497534265212,0.62922582381693
27,path_Router1_to_Router34,Router19,0.0,0.284,212.058,9.422,0.6425,0.0,1.0,0.2843034724347856,0.4817008681086964
27,path_Router1_to_Router34,Router22,0.0,0.325,177.783,57.963,0.745,0.5647980080052126,1.0,0.43001564466210934,0.6849534131668306
27,path_Router1_to_Router34,Router25,0.0,0.311,132.79,59.356,0.71,0.5810062366191938,1.0,0.6212928952827943,0.728074782975497
27,path_Router1_to_Router34,Router28,0.0,0.353,175.161,40.295,0.815,0.3592222842781346,1.0,0.4411624664149916,0.6538461876732816
27,path_Router1_to_Router34,Router31,0.0,0.427,110.313,82.499,1.0,0.8502862328958392,1.0,0.716848620889025,0.8917837134462161
27,path_Router1_to_Router34,Router34,0.0,0.426,43.709,95.366,0.9974999999999999,1.0,1.0,1.0,0.999375
28,path_Router1_to_Router34,Router1,0.0,0.022,230.283,49.662,0.0,0.4585099287881069,1.0,0.0,0.36462748219702673
28,path_Router1_to_Router34,Router4,0.0,0.089,172.139,7.038,0.1558139534883721,0.0,1.0,0.31172228923736756,0.36688406068143486
28,path_Router1_to_Router34,Router7,0.0,0.138,167.29,58.899,0.26976744186046514,0.557873109442568,1.0,0.3377188044498057,0.5413398389382097
28,path_Router1_to_Router34,Router10,0.0,0.189,48.845,100.0,0.3883720930232558,1.0,1.0,0.9727275164187107,0.8402749023604916
28,path_Router1_to_Router34,Router13,0.0,0.214,97.105,26.029,0.44651162790697674,0.20428777349884897,1.0,0.7139954429701113,0.5911987110939843
28,path_Router1_to_Router34,Router16,0.0,0.262,84.099,25.996,0.558139534883721,0.20393278974204512,1.0,0.7837233614796943,0.6364489215263651
28,path_Router1_to_Router34,Router19,0.0,0.257,179.61,7.79,0.5465116279069768,0.008089326821712095,1.0,0.27166867712102927,0.45656740796242956
28,path_Router1_to_Router34,Router22,0.0,0.299,176.57,56.697,0.6441860465116278,0.5341860114885653,1.0,0.2879667604878703,0.6165847046220159
28,path_Router1_to_Router34,Router25,0.0,0.327,171.244,51.467,0.7093023255813954,0.4779264645769239,1.0,0.3165205736496448,0.625937340951991
28,path_Router1_to_Router34,Router28,0.0,0.361,177.111,35.388,0.7883720930232557,0.30496331834513024,1.0,0.28506634499396866,0.5946004390905887
28,path_Router1_to_Router34,Router31,0.0,0.452,144.514,78.496,1.0,0.7686796755663604,1.0,0.4598257606219005,0.8071263590470652
28,path_Router1_to_Router34,Router34,0.0,0.451,43.758,84.715,0.9976744186046511,0.8355779780985779,1.0,1.0,0.9583130991758073
29,path_Router1_to_Router34,Router1,0.0,0.026,234.755,53.43,0.0,0.5053197043706272,1.0,0.0,0.3763299260926568
29,path_Router1_to_Router34,Router4,0.0,0.104,173.441,9.877,0.16993464052287582,0.0,1.0,0.3063264704559875,0.36906527774471587
29,path_Router1_to_Router34,Router7,0.0,0.154,158.998,56.06,0.2788671023965142,0.5358340391465267,1.0,0.3784841051364166,0.5482963116698644
29,path_Router1_to_Router34,Router10,0.0,0.207,54.372,87.163,0.39433551198257083,0.8967037556996832,1.0,0.9011985471550117,0.7980594537093164
29,path_Router1_to_Router34,Router13,0.0,0.199,103.479,27.482,0.37690631808278874,0.20426040445996582,1.0,0.655858592419027,0.5592563287404454
29,path_Router1_to_Router34,Router16,0.0,0.257,87.129,22.299,0.5032679738562092,0.1441251203749898,1.0,0.7375436527960271,0.5962341867568065
29,path_Router1_to_Router34,Router19,0.0,0.302,163.456,12.107,0.6013071895424836,0.02587337131188433,1.0,0.3562118116097703,0.49584809311603456
29,path_Router1_to_Router34,Router22,0.0,0.33,186.768,67.704,0.6623093681917211,0.6709324855840071,1.0,0.23974440319945642,0.6432465642437962
29,path_Router1_to_Router34,Router25,0.0,0.37,139.816,59.187,0.7494553376906318,0.572114771026465,1.0,0.47431791725578165,0.6989720064932197
29,path_Router1_to_Router34,Router28,0.0,0.376,176.841,42.17,0.7625272331154684,0.3746765828586014,1.0,0.2893399747200975,0.6066359476735419
29,path_Router1_to_Router34,Router31,0.0,0.375,114.992,73.734,0.7603485838779956,0.7408950098040352,1.0,0.5983393202404088,0.77489572848061
29,path_Router1_to_Router34,Router34,0.0,0.485,34.596,96.066,1.0,1.0,1.0,1.0,1.0
30,path_Router1_to_Router34,Router1,0.0,0.024,260.9,59.886,0.0,0.5847112414262527,1.0,0.0,0.3961778103565632
30,path_Router1_to_Router34,Router4,0.0,0.1,148.852,11.566,0.18446601941747576,0.07871616314990315,1.0,0.5151229559068946,0.4445762846185684
30,path_Router1_to_Router34,Router7,0.0,0.143,138.457,56.399,0.28883495145631066,0.5481962406408714,1.0,0.5629123240942088,0.5999858790478477
30,path_Router1_to_Router34,Router10,0.0,0.201,54.089,99.544,0.429611650485437,1.0,1.0,0.950780858507611,0.845098127248262
30,path_Router1_to_Router34,Router13,0.0,0.246,105.866,30.085,0.5388349514563107,0.27264254673019533,1.0,0.7127442912507989,0.6310554473593262
30,path_Router1_to_Router34,Router16,0.0,0.231,81.293,25.751,0.5024271844660195,0.2272579716215509,1.0,0.8257147717189921,0.6388499819516407
30,path_Router1_to_Router34,Router19,0.0,0.271,164.848,4.049,0.5995145631067962,0.0,1.0,0.44158387620277945,0.5102746098273939
30,path_Router1_to_Router34,Router22,0.0,0.319,169.347,61.554,0.7160194174757282,0.6021781245091367,1.0,0.42090043536827,0.6847744943382836
30,path_Router1_to_Router34,Router25,0.0,0.311,128.484,52.269,0.6966019417475728,0.5049479030315723,1.0,0.608761614034765,0.7025778647034776
30,path_Router1_to_Router34,Router28,0.0,0.383,134.7,43.786,0.8713592233009709,0.41611602701712136,1.0,0.5801845373005329,0.7169149469046563
30,path_Router1_to_Router34,Router31,0.0,0.436,125.228,82.961,1.0,0.8263469291585946,1.0,0.6237305589907914,0.8625193720373465
30,path_Router1_to_Router34,Router34,0.0,0.399,43.383,86.208,0.9101941747572816,0.8603487093565109,1.0,1.0,0.9426357210284482
31,path_Router1_to_Router34,Router1,0.0,0.025,263.937,55.638,0.0,0.5431155179141132,1.0,0.0,0.3857788794785283
31,path_Router1_to_Router34,Router4,0.0,0.09,168.119,8.312,0.15330188679245285,0.0,1.0,0.43262401741007134,0.39648147605063105
31,path_Router1_to_Router34,Router7,0.0,0.149,152.366,45.571,0.29245283018867924,0.4275861277513828,1.0,0.503749757315526,0.555947178813897
31,path_Router1_to_Router34,Router10,0.0,0.177,51.724,86.752,0.3584905660377358,0.9001813215818586,1.0,0.9581544240815241,0.8042065779252796
31,path_Router1_to_Router34,Router13,0.0,0.224,98.068,31.688,0.46933962264150947,0.2682641327549404,1.0,0.7489084842492134,0.6216280599114158
31,path_Router1_to_Router34,Router16,0.0,0.231,82.059,27.033,0.48584905660377364,0.21484312240354383,1.0,0.8211900795102064,0.630470564629381
31,path_Router1_to_Router34,Router19,0.0,0.266,179.649,8.67,0.5683962264150944,0.004108425715531691,1.0,0.3805653758110177,0.48826750698541094
31,path_Router1_to_Router34,Router22,0.0,0.346,151.352,57.511,0.7570754716981131,0.5646101585990039,1.0,0.5083280281378538,0.7075034146087428
31,path_Router1_to_Router34,Router25,0.0,0.321,133.839,59.037,0.6981132075471698,0.5821226101126948,1.0,0.587400273612635,0.7169090228181249
31,path_Router1_to_Router34,Router28,0.0,0.369,165.623,36.047,0.8113207547169811,0.31828823245885834,1.0,0.4438936071265708,0.6433756485756026
31,path_Router1_to_Router34,Router31,0.0,0.449,121.873,69.526,1.0,0.7024948931579792,1.0,0.64142748136409,0.8359805936305174
31,path_Router1_to_Router34,Router34,0.0,0.419,42.456,95.45,0.9292452830188679,1.0,1.0,1.0,0.9823113207547169
32,path_Router1_to_Router34,Router1,0.0,0.025,294.714,57.38,0.0,0.533942787157729,1.0,0.0,0.38348569678943223
32,path_Router1_to_Router34,Router4,0.0,0.099,177.52,17.554,0.17535545023696686,0.09843845682792404,1.0,0.4587118617531361,0.43312644220450675
32,path_Router1_to_Router34,Router7,0.0,0.137,146.221,44.492,0.26540284360189575,0.3930102353249934,1.0,0.5812200324872301,0.5599082778535298
32,path_Router1_to_Router34,Router10,0.0,0.174,57.108,100.0,0.35308056872037913,1.0,1.0,0.9300193749143785,0.8207749859086894
32,path_Router1_to_Router34,Router13,0.0,0.245,120.361,39.764,0.5213270142180095,0.341308721896597,1.0,0.682439282149637,0.6362687545660609
32,path_Router1_to_Router34,Router16,0.0,0.228,79.474,20.722,0.48104265402843605,0.13308109526725573,1.0,0.8424760749163356,0.6141499560530068
32,path_Router1_to_Router34,Router19,0.0,0.283,211.504,8.552,0.6113744075829383,0.0,1.0,0.32569426776523086,0.48426716883704224
32,path_Router1_to_Router34,Router22,0.0,0.314,141.824,64.137,0.6848341232227488,0.6078317732481847,1.0,0.5984304362291327,0.7227740831750166
32,path_Router1_to_Router34,Router25,0.0,0.336,135.098,57.43,0.7369668246445498,0.534489545971481,1.0,0.624756835039239,0.7240533014138175
32,path_Router1_to_Router34,Router28,0.0,0.413,140.061,40.391,0.919431279620853,0.34816507742104796,1.0,0.6053310370471847,0.7182318485222714
32,path_Router1_to_Router34,Router31,0.0,0.374,114.972,68.705,0.8270142180094786,0.6577836584725745,1.0,0.7035324970154804,0.7970825933743834
32,path_Router1_to_Router34,Router34,0.0,0.447,39.229,92.02,1.0,0.9127372933251682,1.0,1.0,0.978184323331292
33,path_Router1_to_Router34,Router1,0.0,0.027,297.328,48.801,0.0,0.4970437477649303,1.0,0.0,0.3742609369412326
33,path_Router1_to_Router34,Router4,0.0,0.088,167.897,7.167,0.14805825242718448,0.000750983430683034,1.0,0.510280034851585,0.4147723176773631
33,path_Router1_to_Router34,Router7,0.0,0.15,135.232,48.6,0.2985436893203884,0.49464775300989394,1.0,0.6390613726951234,0.6080632037563515
33,path_Router1_to_Router34,Router10,0.0,0.175,57.069,90.994,0.3592233009708738,1.0,1.0,0.9472179840486975,0.8266103212548929
33,path_Router1_to_Router34,Router13,0.0,0.203,97.223,28.716,0.42718446601941756,0.25762307784002864,1.0,0.7889113610647868,0.6184297262310582
33,path_Router1_to_Router34,Router16,0.0,0.245,70.246,29.243,0.529126213592233,0.2639051138395518,1.0,0.8952678328543212,0.6720747900715265
33,path_Router1_to_Router34,Router19,0.0,0.31,201.794,7.104,0.6868932038834952,0.0,1.0,0.37664155302447877,0.5158836892269935
33,path_Router1_to_Router34,Router22,0.0,0.334,183.655,67.12,0.7451456310679612,0.7154130408868757,1.0,0.44815432471111416,0.7271782491664878
33,path_Router1_to_Router34,Router25,0.0,0.332,130.655,48.699,0.7402912621359223,0.4958278698295387,1.0,0.6571061356925175,0.7233063169144947
33,path_Router1_to_Router34,Router28,0.0,0.329,163.223,41.808,0.7330097087378641,0.41368458695911314,1.0,0.5287072190879449,0.6688503786962305
33,path_Router1_to_Router34,Router31,0.0,0.439,134.62,82.255,1.0,0.8958278698295387,1.0,0.6414741747389087,0.8843255111421119
33,path_Router1_to_Router34,Router34,0.0,0.402,43.681,86.834,0.9101941747572816,0.9504112528310884,1.0,1.0,0.9651513568970925
34,path_Router1_to_Router34,Router1,0.0,0.026,253.318,47.946,0.0,0.471715082291573,1.0,0.0,0.36792877057289325
34,path_Router1_to_Router34,Router4,0.0,0.088,155.67,8.673,0.13870246085011187,0.030207302815001353,1.0,0.4695111982998203,0.40960524049123337
34,path_Router1_to_Router34,Router7,0.0,0.133,144.028,48.936,0.23937360178970923,0.4828446802770034,1.0,0.5254882727980845,0.5619266387161993
34,path_Router1_to_Router34,Router10,0.0,0.18,56.877,94.938,0.3445190156599553,1.0,1.0,0.9445277865928127,0.8222617005631919
34,path_Router1_to_Router34,Router13,0.0,0.232,114.157,33.924,0.46085011185682334,0.3140795035524777,1.0,0.669114040908173,0.6110109140793685
34,path_Router1_to_Router34,Router16,0.0,0.266,78.854,27.568,0.5369127516778525,0.2426252360823815,1.0,0.8388579561299753,0.6545989859725523
34,path_Router1_to_Router34,Router19,0.0,0.29,192.027,5.986,0.5906040268456375,0.0,1.0,0.29469943936377896,0.47132586655235414
34,path_Router1_to_Router34,Router22,0.0,0.284,157.481,62.164,0.5771812080536912,0.6315540965914201,1.0,0.4608035465289599,0.6673847127935177
34,path_Router1_to_Router34,Router25,0.0,0.361,144.318,58.514,0.7494407158836689,0.5905207302815002,1.0,0.5240938945465385,0.7160138351779268
34,path_Router1_to_Router34,Router28,0.0,0.343,164.568,38.362,0.70917225950783,0.36397158017807363,1.0,0.4267278269817,0.624967916666901
34,path_Router1_to_Router34,Router31,0.0,0.412,118.926,76.598,0.8635346756152125,0.7938213868153611,1.0,0.646183730971545,0.8258849483505297
34,path_Router1_to_Router34,Router34,0.0,0.473,45.34,94.445,1.0,0.994457685043619,1.0,1.0,0.9986144212609047
35,path_Router1_to_Router34,Router1,0.0,0.026,253.104,59.195,0.0,0.5913793306831185,1.0,0.0,0.39784483267077964
35,path_Router1_to_Router34,Router4,0.0,0.109,173.848,9.062,0.20544554455445546,0.0,1.0,0.3686016984624543,0.3935118107542274
35,path_Router1_to_Router34,Router7,0.0,0.158,151.102,51.194,0.32673267326732675,0.49699786488622566,1.0,0.4743881907561227,0.5745296822274188
35,path_Router1_to_Router34,Router10,0.0,0.205,57.211,91.313,0.4430693069306931,0.9702499616623218,1.0,0.9110539582732609,0.8310933067165689
35,path_Router1_to_Router34,Router13,0.0,0.215,97.036,38.756,0.46782178217821785,0.35027662109398044,1.0,0.7258369066775804,0.6359838274874446
35,path_Router1_to_Router34,Router16,0.0,0.256,76.737,23.192,0.5693069306930694,0.16668042891014828,1.0,0.8202429564036499,0.6390575790017169
35,path_Router1_to_Router34,Router19,0.0,0.29,180.492,12.951,0.6534653465346534,0.045875455628561,1.0,0.3377019598359208,0.5092606904997838
35,path_Router1_to_Router34,Router22,0.0,0.287,182.792,60.094,0.646039603960396,0.6019841223030918,1.0,0.3270051809615939,0.6437572268062705
35,path_Router1_to_Router34,Router25,0.0,0.303,140.726,47.326,0.6856435643564356,0.45137012964033363,1.0,0.5226446157996075,0.6649145774490941
35,path_Router1_to_Router34,Router28,0.0,0.408,140.129,43.871,0.9455445544554455,0.41061422858693225,1.0,0.5254211275335089,0.7203949776439716
35,path_Router1_to_Router34,Router31,0.0,0.358,135.54,76.949,0.8217821782178217,0.8008092199167188,1.0,0.5467635267745026,0.7923387312272607
35,path_Router1_to_Router34,Router34,0.0,0.43,38.086,93.835,1.0,1.0,1.0,1.0,1.0
36,path_Router1_to_Router34,Router1,0.0,0.022,274.453,62.312,0.0,0.6233719652984824,1.0,0.0,0.4058429913246206
36,path_Router1_to_Router34,Router4,0.0,0.103,137.195,14.981,0.178021978021978,0.09286242686453407,1.0,0.5775952397985162,0.46211991117125706
36,path_Router1_to_Router34,Router7,0.0,0.147,136.722,47.422,0.27472527472527475,0.4564773924544374,1.0,0.5795856705816013,0.5776970844403283
36,path_Router1_to_Router34,Router10,0.0,0.176,54.344,88.362,0.3384615384615385,0.9153534040216099,1.0,0.9262404423553572,0.7950138462096265
36,path_Router1_to_Router34,Router13,0.0,0.199,110.426,25.249,0.38901098901098907,0.20795131027371155,1.0,0.6902418394441944,0.5718010346822238
36,path_Router1_to_Router34,Router16,0.0,0.255,83.253,19.476,0.5120879120879122,0.1432446367324979,1.0,0.8045885110483637,0.6149802649671934
36,path_Router1_to_Router34,Router19,0.0,0.259,210.291,6.696,0.5208791208791209,0.0,1.0,0.270000042080989,0.44771979074002743
36,path_Router1_to_Router34,Router22,0.0,0.336,185.042,65.263,0.6901098901098902,0.6564482503530679,1.0,0.37625033138778885,0.6807021179626868
36,path_Router1_to_Router34,Router25,0.0,0.344,151.835,57.094,0.7076923076923076,0.5648860095496424,1.0,0.5159886717977419,0.6971417472599231
36,path_Router1_to_Router34,Router28,0.0,0.411,149.801,29.575,0.8549450549450549,0.2564392835526463,1.0,0.5245479449748987,0.6589830708681499
36,path_Router1_to_Router34,Router31,0.0,0.376,123.691,84.45,0.778021978021978,0.8715057499607702,1.0,0.6344214074407605,0.8209872838558772
36,path_Router1_to_Router34,Router34,0.0,0.477,36.816,95.914,1.0,1.0,1.0,1.0,1.0
37,path_Router1_to_Router34,Router1,0.0,0.022,241.158,55.706,0.0,0.5370007465472192,1.0,0.0,0.38425018663680477
37,path_Router1_to_Router34,Router4,0.0,0.102,134.458,9.67,0.1990049751243781,0.0,1.0,0.5400043524249586,0.4347523318873342
37,path_Router1_to_Router34,Router7,0.0,0.157,136.371,53.687,0.3358208955223881,0.5134495147443076,1.0,0.5303227373716414,0.5948982869095842
37,path_Router1_to_Router34,Router10,0.0,0.206,59.579,91.237,0.4577114427860697,0.9514627659574468,1.0,0.9189639204214767,0.8320345322912482
37,path_Router1_to_Router34,Router13,0.0,0.235,126.852,40.94,0.5298507462686567,0.3647583053378126,1.0,0.5784980085125334,0.6182767650297507
37,path_Router1_to_Router34,Router16,0.0,0.276,68.301,30.0,0.6318407960199005,0.23714539007092197,1.0,0.8748222338061956,0.6859521049742545
37,path_Router1_to_Router34,Router19,0.0,0.264,175.453,10.003,0.6019900497512439,0.003884378499440092,1.0,0.33253032779833086,0.48460118901225374
37,path_Router1_to_Router34,Router22,0.0,0.325,163.324,67.941,0.7537313432835822,0.6797195782008213,1.0,0.3939147025927293,0.7068414060192832
37,path_Router1_to_Router34,Router25,0.0,0.33,132.626,50.298,0.7661691542288558,0.4739175065322882,1.0,0.5492760297786842,0.6973406726349571
37,path_Router1_to_Router34,Router28,0.0,0.414,161.456,33.522,0.9751243781094527,0.2782288167226577,1.0,0.4033685744796069,0.6641804423279293
37,path_Router1_to_Router34,Router31,0.0,0.399,142.32,68.99,0.937810945273632,0.6919559537140724,1.0,0.5002150907683043,0.7824954974390022
37,path_Router1_to_Router34,Router34,0.0,0.424,43.567,95.398,1.0,1.0,1.0,1.0,1.0
38,path_Router1_to_Router34,Router1,0.0,0.027,245.027,58.57,0.0,0.6051682630213984,1.0,0.0,0.4012920657553496
38,path_Router1_to_Router34,Router4,0.0,0.105,152.825,7.23,0.18055555555555555,0.07470320200861721,1.0,0.4473306293543442,0.42564734672962923
38,path_Router1_to_Router34,Router7,0.0,0.16,169.982,56.948,0.3078703703703704,0.588409121436616,1.0,0.3640910943352287,0.5650926465355537
38,path_Router1_to_Router34,Router10,0.0,0.203,54.164,96.783,0.40740740740740744,1.0,1.0,0.925997981719032,0.8333513472816099
38,path_Router1_to_Router34,Router13,0.0,0.211,122.079,35.642,0.42592592592592593,0.36826715435562035,1.0,0.5964990587824333,0.5976730347659949
38,path_Router1_to_Router34,Router16,0.0,0.245,75.762,32.422,0.5046296296296297,0.33499684862010887,1.0,0.821212327039143,0.6652097013222203
38,path_Router1_to_Router34,Router19,0.0,0.295,207.369,0.0,0.6203703703703702,0.0,1.0,0.18270294397329653,0.4507683285859167
38,path_Router1_to_Router34,Router22,0.0,0.319,174.912,62.413,0.6759259259259259,0.6448756496492152,1.0,0.34017252420966826,0.6652435249462023
38,path_Router1_to_Router34,Router25,0.0,0.323,157.073,58.295,0.6851851851851851,0.6023268549228687,1.0,0.4267208756234353,0.6785582289328722
38,path_Router1_to_Router34,Router28,0.0,0.361,172.467,39.898,0.773148148148148,0.41224181932777454,1.0,0.3520347765336023,0.6343561860023812
38,path_Router1_to_Router34,Router31,0.0,0.42,121.477,71.817,0.9097222222222221,0.7420414742258453,1.0,0.5994197442217004,0.812795860167442
38,path_Router1_to_Router34,Router34,0.0,0.459,38.911,91.441,1.0,0.9448043561369249,1.0,1.0,0.9862010890342312
39,path_Router1_to_Router34,Router1,0.0,0.023,256.183,58.181,0.0,0.5195427389705882,1.0,0.0,0.37988568474264706
39,path_Router1_to_Router34,Router4,0.0,0.099,152.996,14.636,0.18765432098765436,0.019255514705882337,1.0,0.472364132425108,0.41981849202966115
39,path_Router1_to_Router34,Router7,0.0,0.152,156.755,51.508,0.31851851851851853,0.44287683823529417,1.0,0.4551563758880832,0.554137933160474
39,path_Router1_to_Router34,Router10,0.0,0.204,47.343,100.0,0.4469135802469136,1.0,1.0,0.9560169926023584,0.850732643212318
39,path_Router1_to_Router34,Router13,0.0,0.238,123.326,30.69,0.5308641975308642,0.2036994485294118,1.0,0.6081859298322714,0.5856873939731368
39,path_Router1_to_Router34,Router16,0.0,0.264,79.937,27.409,0.5950617283950618,0.16600413602941175,1.0,0.8068098586391269,0.6419689307659001
39,path_Router1_to_Router34,Router19,0.0,0.29,191.589,12.96,0.6592592592592592,0.0,1.0,0.29569508532923167,0.48873858614712273
39,path_Router1_to_Router34,Router22,0.0,0.3,149.405,57.944,0.6839506172839506,0.5168198529411765,1.0,0.4888028272174614,0.6723933243606471
39,path_Router1_to_Router34,Router25,0.0,0.322,164.736,44.724,0.7382716049382716,0.3649356617647059,1.0,0.41862136526770677,0.630457157992671
39,path_Router1_to_Router34,Router28,0.0,0.353,179.757,43.823,0.8148148148148148,0.3545840992647059,1.0,0.3498590053468102,0.6298144798565827
39,path_Router1_to_Router34,Router31,0.0,0.428,124.414,83.391,1.0,0.8091796875000002,1.0,0.6032053394858273,0.853096256746457
39,path_Router1_to_Router34,Router34,0.0,0.408,37.735,93.475,0.9506172839506173,0.9250344669117646,1.0,1.0,0.9689129377155955
40,path_Router1_to_Router34,Router1,0.0,0.027,293.423,59.487,0.0,0.6297636198708713,1.0,0.0,0.4074409049677178
40,path_Router1_to_Router34,Router4,0.0,0.098,162.422,8.809,0.16550116550116553,0.08893869057147429,1.0,0.5200619305663073,0.4436254466597368
40,path_Router1_to_Router34,Router7,0.0,0.154,173.713,46.016,0.29603729603729606,0.4860039485619763,1.0,0.47523769824728557,0.5643197357116395
40,path_Router1_to_Router34,Router10,0.0,0.193,61.84,92.257,0.386946386946387,0.9794781495117656,1.0,0.9193632267413009,0.8214469407998635
40,path_Router1_to_Router34,Router13,0.0,0.225,96.344,27.938,0.46153846153846156,0.29307934475214764,1.0,0.7823855177752636,0.6342508310164682
40,path_Router1_to_Router34,Router16,0.0,0.28,75.276,21.438,0.5897435897435898,0.22371271543674293,1.0,0.8660235415550129,0.6698699616838364
40,path_Router1_to_Router34,Router19,0.0,0.252,178.475,0.475,0.5244755244755245,0.0,1.0,0.4563329958911451,0.4952021300916674
40,path_Router1_to_Router34,Router22,0.0,0.318,185.094,54.64,0.6783216783216783,0.5780374579798302,1.0,0.4300561741995673,0.6716038276252689
40,path_Router1_to_Router34,Router25,0.0,0.324,168.018,51.403,0.6923076923076923,0.5434928765807586,1.0,0.4978463248575795,0.6834117234365076
40,path_Router1_to_Router34,Router28,0.0,0.364,135.931,42.094,0.7855477855477855,0.4441491916119737,1.0,0.6252287659540681,0.7137314357784568
40,path_Router1_to_Router34,Router31,0.0,0.423,135.311,76.353,0.923076923076923,0.8097540152606584,1.0,0.6276901089739773,0.8401302618278896
40,path_Router1_to_Router34,Router34,0.0,0.456,41.528,94.18,1.0,1.0,1.0,1.0,1.0
41,path_Router1_to_Router34,Router1,0.0,0.028,265.629,52.037,0.0,0.5106972210996744,1.0,0.0,0.37767430527491863
41,path_Router1_to_Router34,Router4,0.0,0.091,150.138,9.07,0.17027027027027028,0.0,1.0,0.5170922376391892,0.4218406269773649
41,path_Router1_to_Router34,Router7,0.0,0.141,160.794,56.849,0.3054054054054054,0.5678916965792664,1.0,0.46938172440193954,0.5856697065966529
41,path_Router1_to_Router34,Router10,0.0,0.197,59.033,88.046,0.4567567567567568,0.9386930372976444,1.0,0.9250001119334487,0.8301124764969624
41,path_Router1_to_Router34,Router13,0.0,0.197,104.417,29.058,0.4567567567567568,0.23757339482254503,1.0,0.721800606231559,0.6040326894527153
41,path_Router1_to_Router34,Router16,0.0,0.245,76.759,22.228,0.5864864864864865,0.15639337247723872,1.0,0.8456348193618002,0.6471286695813814
41,path_Router1_to_Router34,Router19,0.0,0.271,216.249,9.995,0.6567567567567568,0.010994366130220827,1.0,0.2210909481658586,0.47221051776320905
41,path_Router1_to_Router34,Router22,0.0,0.301,175.577,59.56,0.7378378378378377,0.60011410369173,1.0,0.4031932374287544,0.6852862947395805
41,path_Router1_to_Router34,Router25,0.0,0.368,139.671,57.189,0.9189189189189189,0.571932868994699,1.0,0.5639565340031432,0.7637020804791903
41,path_Router1_to_Router34,Router28,0.0,0.336,157.465,44.063,0.8324324324324325,0.41591984215655986,1.0,0.4842867824506261,0.6831597642599045
41,path_Router1_to_Router34,Router31,0.0,0.386,139.256,79.525,0.9675675675675676,0.8374141250861723,1.0,0.5658146292540307,0.8426990804769426
41,path_Router1_to_Router34,Router34,0.0,0.398,42.282,93.204,1.0,1.0,1.0,1.0,1.0
42,path_Router1_to_Router34,Router1,0.0,0.022,287.754,47.388,0.0,0.40199304750869064,1.0,0.0,0.35049826187717265
42,path_Router1_to_Router34,Router4,0.0,0.107,143.043,13.401,0.18805309734513273,0.00816917728852839,1.0,0.5823520889840399,0.44464359090442523
42,path_Router1_to_Router34,Router7,0.0,0.158,155.602,54.671,0.3008849557522124,0.48638470451911936,1.0,0.5318116332788719,0.579770323387551
42,path_Router1_to_Router34,Router10,0.0,0.196,46.64,98.996,0.3849557522123895,1.0,1.0,0.9703010937889849,0.8388142115003436
42,path_Router1_to_Router34,Router13,0.0,0.245,103.574,36.79,0.4933628318584071,0.279188876013905,1.0,0.7411848978244947,0.6284341514242017
42,path_Router1_to_Router34,Router16,0.0,0.26,77.746,31.223,0.5265486725663717,0.21468134414831982,1.0,0.8451230210789799,0.6465882594484179
42,path_Router1_to_Router34,Router19,0.0,0.285,192.179,12.696,0.581858407079646,0.0,1.0,0.3846169324007823,0.49161883487010705
42,path_Router1_to_Router34,Router22,0.0,0.345,145.337,61.671,0.7146017699115044,0.5674971031286211,1.0,0.5731204777580143,0.713804837699535
42,path_Router1_to_Router34,Router25,0.0,0.348,154.154,48.654,0.7212389380530974,0.41666280417149487,1.0,0.5376387357441226,0.6688851194921788
42,path_Router1_to_Router34,Router28,0.0,0.361,158.484,39.672,0.75,0.3125840092699884,1.0,0.5202137677368468,0.6456994442517088
42,path_Router1_to_Router34,Router31,0.0,0.453,144.685,80.106,0.9535398230088497,0.7811123986095018,1.0,0.5757442835641907,0.8275991262956355
42,path_Router1_to_Router34,Router34,0.0,0.474,39.26,88.984,1.0,0.8839860950173812,1.0,1.0,0.9709965237543453
43,path_Router1_to_Router34,Router1,0.0,0.023,233.234,58.522,0.0,0.6082308311300149,1.0,0.0,0.4020577077825037
43,path_Router1_to_Router34,Router4,0.0,0.102,174.183,18.029,0.1795454545454545,0.14274054489021726,1.0,0.31487485202998866,0.4092902128664151
43,path_Router1_to_Router34,Router7,0.0,0.141,142.525,47.723,0.2681818181818182,0.4840901253017587,1.0,0.48368330684981176,0.5589888125833472
43,path_Router1_to_Router34,Router10,0.0,0.207,48.89,92.602,0.41818181818181815,1.0,1.0,0.982968784992908,0.8502876507936815
43,path_Router1_to_Router34,Router13,0.0,0.226,123.355,35.764,0.4613636363636364,0.34661455339694214,1.0,0.5859025904083439,0.5984701950422306
43,path_Router1_to_Router34,Router16,0.0,0.257,70.894,20.696,0.5318181818181819,0.17339924129210255,1.0,0.8656378973861297,0.6427138301241035
43,path_Router1_to_Router34,Router19,0.0,0.28,176.091,5.612,0.5840909090909091,0.0,1.0,0.3047009139481065,0.4721979557597539
43,path_Router1_to_Router34,Router22,0.0,0.296,170.078,60.669,0.6204545454545454,0.6329118289458557,1.0,0.3367637492134927,0.6475325309034734
43,path_Router1_to_Router34,Router25,0.0,0.328,152.036,45.737,0.6931818181818181,0.46125991493275087,1.0,0.43296825176764175,0.6468524962205526
43,path_Router1_to_Router34,Router28,0.0,0.404,161.576,42.698,0.865909090909091,0.42632486492700306,1.0,0.38209856135823145,0.6685831292985814
43,path_Router1_to_Router34,Router31,0.0,0.395,139.062,83.605,0.8454545454545455,0.8965743188872284,1.0,0.5021488978233745,0.811044440541287
43,path_Router1_to_Router34,Router34,0.0,0.463,45.696,87.612,1.0,0.9426370847223818,1.0,1.0,0.9856592711805955
44,path_Router1_to_Router34,Router1,0.0,0.027,245.472,55.368,0.0,0.5683724272442642,1.0,0.0,0.392093106811066
44,path_Router1_to_Router34,Router4,0.0,0.098,133.935,14.778,0.18112244897959187,0.15170148334445413,1.0,0.5373542037029008,0.4675445340067367
44,path_Router1_to_Router34,Router7,0.0,0.156,158.604,55.64,0.3290816326530613,0.5711646050402915,1.0,0.41850583185188395,0.5796880173863093
44,path_Router1_to_Router34,Router10,0.0,0.173,61.597,97.415,0.37244897959183676,1.0,1.0,0.8858585420611176,0.8145768804132386
44,path_Router1_to_Router34,Router13,0.0,0.202,118.866,28.377,0.4464285714285715,0.2913001077862752,1.0,0.609952449088728,0.5869202820758936
44,path_Router1_to_Router34,Router16,0.0,0.267,84.467,25.358,0.6122448979591838,0.26030898732228097,1.0,0.775677251200817,0.6620577841205704
44,path_Router1_to_Router34,Router19,0.0,0.316,200.615,0.0,0.7372448979591837,0.0,1.0,0.21610853363010496,0.48833835789732216
44,path_Router1_to_Router34,Router22,0.0,0.282,149.295,66.999,0.6505102040816326,0.6877688241030642,1.0,0.46335400135859756,0.7004082573858236
44,path_Router1_to_Router34,Router25,0.0,0.34,140.368,49.449,0.7984693877551021,0.5076117641020377,1.0,0.506361801249717,0.7031107382767142
44,path_Router1_to_Router34,Router28,0.0,0.366,144.442,29.253,0.8647959183673469,0.3002925627470102,1.0,0.48673440383105215,0.6629557212363524
44,path_Router1_to_Router34,Router31,0.0,0.419,145.455,79.394,1.0,0.8150079556536468,1.0,0.48185405194467323,0.82421550189958
44,path_Router1_to_Router34,Router34,0.0,0.416,37.905,82.322,0.9923469387755102,0.8450649283991172,1.0,1.0,0.9593529667936569
45,path_Router1_to_Router34,Router1,0.0,0.028,251.228,58.888,0.0,0.6239871939653754,1.0,0.0,0.40599679849134385
45,path_Router1_to_Router34,Router4,0.0,0.097,143.71,4.783,0.16911764705882357,0.030776146567697657,1.0,0.5144524988636092,0.4285865731225326
45,path_Router1_to_Router34,Router7,0.0,0.151,157.256,58.512,0.30147058823529416,0.6198647033670661,1.0,0.4496375511375871,0.5927432106849868
45,path_Router1_to_Router34,Router10,0.0,0.17,47.032,85.114,0.34803921568627455,0.9115309131974519,1.0,0.9770377281753153,0.8091519642647604
45,path_Router1_to_Router34,Router13,0.0,0.204,124.792,26.678,0.43137254901960786,0.27083447542403544,1.0,0.6049714107993014,0.5767946088107362
45,path_Router1_to_Router34,Router16,0.0,0.234,82.231,19.004,0.5049019607843138,0.18669619656386024,1.0,0.8086174310390202,0.6250538970967985
45,path_Router1_to_Router34,Router19,0.0,0.308,201.132,1.976,0.6862745098039216,0.0,1.0,0.2396995143424484,0.48149350603659247
45,path_Router1_to_Router34,Router22,0.0,0.33,142.006,58.349,0.7401960784313726,0.618077559836416,1.0,0.5226058039666021,0.7202198605585977
45,path_Router1_to_Router34,Router25,0.0,0.347,159.696,56.986,0.7818627450980391,0.6031335314175447,1.0,0.4379626306849447,0.7057397268001322
45,path_Router1_to_Router34,Router28,0.0,0.356,179.501,32.03,0.8039215686274509,0.3295141820255024,1.0,0.343199598076509,0.6191588371823656
45,path_Router1_to_Router34,Router31,0.0,0.385,111.046,70.792,0.875,0.7545034920565307,1.0,0.6707433192181632,0.8250617028186735
45,path_Router1_to_Router34,Router34,0.0,0.436,42.233,93.183,1.0,1.0,1.0,1.0,1.0
46,path_Router1_to_Router34,Router1,0.0,0.022,268.919,61.521,0.0,0.6251886903551125,1.0,0.0,0.4062971725887781
46,path_Router1_to_Router34,Router4,0.0,0.099,143.301,17.486,0.16702819956616055,0.15375721305683726,1.0,0.5476653442036884,0.4671126892066716
46,path_Router1_to_Router34,Router7,0.0,0.146,149.784,49.606,0.26898047722342733,0.4976286573811384,1.0,0.5194009678685094,0.5715025256182688
46,path_Router1_to_Router34,Router10,0.0,0.164,49.052,96.531,0.30802603036876364,1.0,1.0,0.9585691241225968,0.8166487886228401
46,path_Router1_to_Router34,Router13,0.0,0.197,112.198,40.297,0.3796095444685467,0.3979680323744472,1.0,0.6832672101844183,0.6152111967568531
46,path_Router1_to_Router34,Router16,0.0,0.267,83.957,26.354,0.5314533622559654,0.24869656449730745,1.0,0.8063914199764572,0.6466353366824326
46,path_Router1_to_Router34,Router19,0.0,0.305,162.061,3.124,0.613882863340564,0.0,1.0,0.4658760953917251,0.5199397396830723
46,path_Router1_to_Router34,Router22,0.0,0.329,177.636,61.056,0.665943600867679,0.6202104767308658,1.0,0.3979727078519423,0.6710316963626217
46,path_Router1_to_Router34,Router25,0.0,0.306,156.308,44.758,0.616052060737527,0.4457267656599612,1.0,0.4909578410428565,0.6381841668600863
46,path_Router1_to_Router34,Router28,0.0,0.41,133.143,30.012,0.8416485900216919,0.2878585116747139,1.0,0.5919518681606138,0.6803647424642549
46,path_Router1_to_Router34,Router31,0.0,0.41,145.448,70.128,0.8416485900216919,0.717333818664554,1.0,0.5383049221781401,0.7743218327160966
46,path_Router1_to_Router34,Router34,0.0,0.483,39.549,84.347,1.0,0.8695600972089885,1.0,1.0,0.9673900243022471
47,path_Router1_to_Router34,Router1,0.0,0.027,273.188,52.012,0.0,0.5192402095835379,1.0,0.0,0.3798100523958845
47,path_Router1_to_Router34,Router4,0.0,0.087,171.827,14.099,0.13157894736842105,0.13941512968732783,1.0,0.43758364344364914,0.4271444301248495
47,path_Router1_to_Router34,Router7,0.0,0.156,150.347,47.396,0.2828947368421053,0.4729955819149043,1.0,0.5303145425189304,0.571551215318985
47,path_Router1_to_Router34,Router10,0.0,0.202,58.432,100.0,0.3837719298245615,1.0,1.0,0.9271190391904609,0.8277227422537556
47,path_Router1_to_Router34,Router13,0.0,0.211,112.458,37.219,0.4035087719298246,0.3710390013725117,1.0,0.693884423108471,0.6171080491027018
47,path_Router1_to_Router34,Router16,0.0,0.233,76.031,32.178,0.45175438596491235,0.32053658194495926,1.0,0.8511427313307833,0.6558584248101638
47,path_Router1_to_Router34,Router19,0.0,0.299,176.572,0.183,0.5964912280701754,0.0,1.0,0.41709909427641406,0.5033975805866474
47,path_Router1_to_Router34,Router22,0.0,0.287,182.632,60.74,0.5701754385964912,0.6066802248114049,1.0,0.3909375836434436,0.641948311762835
47,path_Router1_to_Router34,Router25,0.0,0.334,129.142,45.087,0.6732456140350878,0.4498632497470371,1.0,0.6218582443295142,0.6862417770279099
47,path_Router1_to_Router34,Router28,0.0,0.382,141.51,31.212,0.7785087719298246,0.3108588717352756,1.0,0.5684645869848644,0.6644580576624911
47,path_Router1_to_Router34,Router31,0.0,0.407,145.574,83.146,0.8333333333333333,0.8311510063416051,1.0,0.5509199699531164,0.8038510774070137
47,path_Router1_to_Router34,Router34,0.0,0.483,41.55,84.256,1.0,0.842271356582546,1.0,1.0,0.9605678391456365
48,path_Router1_to_Router34,Router1,0.0,0.023,274.074,53.047,0.0,0.5390178152836381,1.0,0.0,0.38475445382090956
48,path_Router1_to_Router34,Router4,0.0,0.102,134.984,7.058,0.19082125603864733,0.0,1.0,0.6073454345386506,0.4495416726443245
48,path_Router1_to_Router34,Router7,0.0,0.142,166.175,48.451,0.28743961352657005,0.4851500234411627,1.0,0.47114792610026507,0.5609343907669995
48,path_Router1_to_Router34,Router10,0.0,0.165,62.31,92.378,0.3429951690821257,1.0,1.0,0.9246811316388153,0.8169190751802353
48,path_Router1_to_Router34,Router13,0.0,0.2,95.715,36.219,0.42753623188405804,0.3417838724800751,1.0,0.7788160497439011,0.6370340385270086
48,path_Router1_to_Router34,Router16,0.0,0.245,74.434,28.743,0.5362318840579711,0.25416080637599625,1.0,0.8717409055381136,0.6655333989930202
48,path_Router1_to_Router34,Router19,0.0,0.281,202.879,10.95,0.6231884057971016,0.045616502578527895,1.0,0.3108775484361151,0.49492061420293615
48,path_Router1_to_Router34,Router22,0.0,0.351,170.304,55.509,0.7922705314009661,0.5678738865447727,1.0,0.4531183819259169,0.703315699967914
48,path_Router1_to_Router34,Router25,0.0,0.377,150.072,55.369,0.855072463768116,0.5662330051570559,1.0,0.5414627117237887,0.7406920451622401
48,path_Router1_to_Router34,Router28,0.0,0.347,139.818,41.498,0.7826086956521738,0.40365682137834036,1.0,0.5862374625021287,0.6931257448831607
48,path_Router1_to_Router34,Router31,0.0,0.437,135.879,74.017,1.0,0.7847984060009378,1.0,0.6034373594512102,0.8470589413630369
48,path_Router1_to_Router34,Router34,0.0,0.402,45.061,84.286,0.9154589371980677,0.9051570557899673,1.0,1.0,0.9551539982470088
49,path_Router1_to_Router34,Router1,0.0,0.027,239.36,49.69,0.0,0.5307143570342922,1.0,0.0,0.382678589258573
49,path_Router1_to_Router34,Router4,0.0,0.107,179.619,20.002,0.1762114537444934,0.2013490575457359,1.0,0.30264237732905097,0.42005072215482003
49,path_Router1_to_Router34,Router7,0.0,0.139,166.445,58.406,0.2466960352422908,0.6274116067763515,1.0,0.3693806421544292,0.5608720710432679
49,path_Router1_to_Router34,Router10,0.0,0.202,61.621,91.99,0.38546255506607935,1.0,1.0,0.9004093253224449,0.821467970097131
49,path_Router1_to_Router34,Router13,0.0,0.243,126.336,40.054,0.4757709251101322,0.42381042191330975,1.0,0.5725691243072372,0.6180376178326698
49,path_Router1_to_Router34,Router16,0.0,0.231,80.062,19.237,0.4493392070484582,0.1928619767686965,1.0,0.8069889259263011,0.612297527435864
49,path_Router1_to_Router34,Router19,0.0,0.255,217.394,1.853,0.5022026431718062,0.0,1.0,0.111277723178553,0.40337009158758974
49,path_Router1_to_Router34,Router22,0.0,0.344,183.476,58.458,0.698237885462555,0.6279885063847255,1.0,0.283103172271249,0.6523323910296324
49,path_Router1_to_Router34,Router25,0.0,0.351,153.948,52.74,0.7136563876651982,0.5645517379100702,1.0,0.4326892876320935,0.6777243533018406
49,path_Router1_to_Router34,Router28,0.0,0.349,153.507,36.278,0.7092511013215859,0.38191863496677275,1.0,0.4349233528201907,0.6315232722771373
49,path_Router1_to_Router34,Router31,0.0,0.396,147.121,78.331,0.8127753303964759,0.8484640047927046,1.0,0.4672742378342232,0.7821283932558509
49,path_Router1_to_Router34,Router34,0.0,0.481,41.962,89.271,1.0,0.9698348070159868,1.0,1.0,0.9924587017539968
50,path_Router1_to_Router34,Router1,0.0,0.025,247.385,54.939,0.0,0.5447835360066107,1.0,0.0,0.38619588400165267
50,path_Router1_to_Router34,Router4,0.0,0.101,153.669,15.195,0.19487179487179493,0.10097930834254575,1.0,0.45811437705615216,0.43849137006762323
50,path_Router1_to_Router34,Router7,0.0,0.135,141.747,56.261,0.2820512820512821,0.5595457438611772,1.0,0.5163930018722288,0.589497506946172
50,path_Router1_to_Router34,Router10,0.0,0.17,59.138,93.191,0.37179487179487186,0.9719272386184717,1.0,0.9202127399557117,0.8159837125922639
50,path_Router1_to_Router34,Router13,0.0,0.244,121.491,26.007,0.5615384615384617,0.22171228211226873,1.0,0.6154109371410136,0.599665420197936
50,path_Router1_to_Router34,Router16,0.0,0.243,77.98,22.982,0.558974358974359,0.18793340256607818,1.0,0.8281068979170841,0.6437536648643803
50,path_Router1_to_Router34,Router19,0.0,0.268,164.556,6.152,0.6230769230769232,0.0,1.0,0.4048951698448933,0.5069930232304541
50,path_Router1_to_Router34,Router22,0.0,0.29,159.277,64.119,0.6794871794871794,0.6472926646790169,1.0,0.430700643792559,0.6893701219896888
50,path_Router1_to_Router34,Router25,0.0,0.321,134.964,47.477,0.758974358974359,0.46145857760209036,1.0,0.5495505184069922,0.6924958637458605
50,path_Router1_to_Router34,Router28,0.0,0.415,157.106,42.335,1.0,0.4040400656594419,1.0,0.4413131999472061,0.7113383164016619
50,path_Router1_to_Router34,Router31,0.0,0.367,134.697,80.226,0.8769230769230769,0.8271526358692618,1.0,0.5508557014992496,0.813732853572897
50,path_Router1_to_Router34,Router34,0.0,0.407,42.816,95.705,0.9794871794871794,1.0,1.0,1.0,0.9948717948717949
51,path_Router1_to_Router34,Router1,0.0,0.023,261.253,61.951,0.0,0.6613471887177584,1.0,0.0,0.4153367971794396
51,path_Router1_to_Router34,Router4,0.0,0.101,163.615,6.149,0.19597989949748748,0.05224149411109776,1.0,0.4465472373782877,0.42369215774671826
51,path_Router1_to_Router34,Router7,0.0,0.135,169.227,56.38,0.28140703517587945,0.6005370416862236,1.0,0.4208807643230536,0.5757062102962891
51,path_Router1_to_Router34,Router10,0.0,0.185,62.268,92.976,0.407035175879397,1.0,1.0,0.9100575803449332,0.8292731890560825
51,path_Router1_to_Router34,Router13,0.0,0.223,118.632,31.804,0.5025125628140704,0.33227817012869354,1.0,0.6522769161814946,0.6217669122810646
51,path_Router1_to_Router34,Router16,0.0,0.241,81.874,27.544,0.5477386934673367,0.28577821924835994,1.0,0.8203895705942347,0.6634766208274828
51,path_Router1_to_Router34,Router19,0.0,0.287,208.293,1.363,0.6633165829145728,0.0,1.0,0.24221247558895218,0.47638226462588124
51,path_Router1_to_Router34,Router22,0.0,0.314,144.481,54.071,0.7311557788944724,0.5753331950705686,1.0,0.5340565558812903,0.7101363824615828
51,path_Router1_to_Router34,Router25,0.0,0.337,130.057,53.527,0.7889447236180905,0.5693951731741128,1.0,0.6000246968913932,0.739591148420899
51,path_Router1_to_Router34,Router28,0.0,0.367,156.167,36.834,0.864321608040201,0.38718304170805456,1.0,0.48061065350718724,0.6830288258138608
51,path_Router1_to_Router34,Router31,0.0,0.391,140.537,70.11,0.9246231155778896,0.7504066016831672,1.0,0.5520944335950898,0.8067810377140366
51,path_Router1_to_Router34,Router34,0.0,0.421,42.602,83.193,1.0,0.8932138451966424,1.0,1.0,0.9733034612991606
52,path_Router1_to_Router34,Router1,0.0,0.026,271.711,47.539,0.0,0.4374036629325307,1.0,0.0,0.35935091573313266
52,path_Router1_to_Router34,Router4,0.0,0.094,164.318,11.5,0.1592505854800937,0.0,1.0,0.473614345187694,0.4082162326669469
52,path_Router1_to_Router34,Router7,0.0,0.15,135.566,53.247,0.2903981264637002,0.5066813928367702,1.0,0.6004136677956534,0.599373296774031
52,path_Router1_to_Router34,Router10,0.0,0.169,52.987,92.387,0.3348946135831382,0.9817217482067652,1.0,0.9645956816257409,0.8203030108539111
52,path_Router1_to_Router34,Router13,0.0,0.22,108.933,30.776,0.45433255269320844,0.23395191339070065,1.0,0.7178679791137454,0.6015381112994136
52,path_Router1_to_Router34,Router16,0.0,0.252,74.851,25.123,0.5292740046838408,0.16534171592246916,1.0,0.8681731583403896,0.6406972197366749
52,path_Router1_to_Router34,Router19,0.0,0.285,205.915,12.269,0.6065573770491802,0.009333317150728826,1.0,0.29016723116003396,0.47651448133998575
52,path_Router1_to_Router34,Router22,0.0,0.304,162.139,68.904,0.6510538641686182,0.69670967193815,1.0,0.48322396274343776,0.7077468747125515
52,path_Router1_to_Router34,Router25,0.0,0.343,169.238,46.684,0.7423887587822015,0.4270265677909531,1.0,0.45191663138583127,0.6553329894897465
52,path_Router1_to_Router34,Router28,0.0,0.41,141.391,42.442,0.8992974238875877,0.37554161154467003,1.0,0.5747248094834886,0.7123909612289365
52,path_Router1_to_Router34,Router31,0.0,0.371,128.6,69.639,0.8079625292740047,0.7056303326738922,1.0,0.6311344552639007,0.7861818293029494
52,path_Router1_to_Router34,Router34,0.0,0.453,44.959,93.893,1.0,1.0,1.0,1.0,1.0
53,path_Router1_to_Router34,Router1,0.0,0.025,264.01,54.586,0.0,0.560733327691266,1.0,0.0,0.3901833319228165
53,path_Router1_to_Router34,Router4,0.0,0.107,151.256,17.784,0.20197044334975367,0.17140952945159108,1.0,0.5164597084110094,0.47245992030308853
53,path_Router1_to_Router34,Router7,0.0,0.129,140.244,48.04,0.2561576354679803,0.4914840047393365,1.0,0.5668991988860439,0.5786352097733402
53,path_Router1_to_Router34,Router10,0.0,0.192,59.497,96.109,0.4113300492610838,1.0,1.0,0.936753679215467,0.8370209321191376
53,path_Router1_to_Router34,Router13,0.0,0.245,102.436,27.32,0.541871921182266,0.272289691943128,1.0,0.7400753935718506,0.6385592516743112
53,path_Router1_to_Router34,Router16,0.0,0.279,68.359,21.298,0.625615763546798,0.20858370006770482,1.0,0.8961620732774218,0.6825903842229812
53,path_Router1_to_Router34,Router19,0.0,0.274,186.085,1.581,0.6133004926108375,0.0,1.0,0.35692855932319834,0.492557262983509
53,path_Router1_to_Router34,Router22,0.0,0.341,153.334,67.742,0.7783251231527094,0.6999090216655384,1.0,0.5069416134957241,0.7462939395784929
53,path_Router1_to_Router34,Router25,0.0,0.361,163.722,53.593,0.8275862068965517,0.5502285037237644,1.0,0.4593602997421228,0.7092937525906098
53,path_Router1_to_Router34,Router28,0.0,0.383,172.936,38.632,0.8817733990147784,0.3919579383886256,1.0,0.41715638898685875,0.6727219315975657
53,path_Router1_to_Router34,Router31,0.0,0.431,114.422,83.486,1.0,0.8664628469871362,1.0,0.6851745823809895,0.8879093573420315
53,path_Router1_to_Router34,Router34,0.0,0.425,45.689,93.067,0.9852216748768473,0.9678190589031821,1.0,1.0,0.9882601834450073
54,path_Router1_to_Router34,Router1,0.0,0.024,280.605,59.265,0.0,0.6326455461586615,1.0,0.0,0.4081613865396654
54,path_Router1_to_Router34,Router4,0.0,0.098,172.017,7.724,0.1827160493827161,0.0,1.0,0.4546855372246881,0.409350396651851
54,path_Router1_to_Router34,Router7,0.0,0.153,151.216,50.001,0.31851851851851853,0.5189335820987124,1.0,0.5417846076543003,0.5948091770678827
54,path_Router1_to_Router34,Router10,0.0,0.201,47.037,89.193,0.4370370370370371,1.0,1.0,0.9780085419981576,0.8537613947587986
54,path_Router1_to_Router34,Router13,0.0,0.215,101.627,30.364,0.471604938271605,0.2778971142397722,1.0,0.7494263462021606,0.6247320996783845
54,path_Router1_to_Router34,Router16,0.0,0.234,82.185,23.149,0.5185185185185186,0.18933582098712395,1.0,0.8308349384473662,0.6346723194882522
54,path_Router1_to_Router34,Router19,0.0,0.259,167.086,12.408,0.5802469135802469,0.057494261620984664,1.0,0.4753328866929068,0.5282685154735346
54,path_Router1_to_Router34,Router22,0.0,0.283,165.035,61.43,0.6395061728395061,0.6592200714382158,1.0,0.4839209446445022,0.695661797230556
54,path_Router1_to_Router34,Router25,0.0,0.324,134.347,54.0,0.7407407407407408,0.5680197375688912,1.0,0.6124193953605226,0.7302949684175387
54,path_Router1_to_Router34,Router28,0.0,0.358,176.235,38.716,0.8246913580246913,0.3804146362420062,1.0,0.43702369985763334,0.6605324235310828
54,path_Router1_to_Router34,Router31,0.0,0.38,113.056,83.284,0.8790123456790123,0.9274693441677203,1.0,0.7015702202495604,0.8770129775240731
54,path_Router1_to_Router34,Router34,0.0,0.429,41.785,83.795,1.0,0.9337416686101462,1.0,1.0,0.9834354171525366
55,path_Router1_to_Router34,Router1,0.0,0.028,304.977,56.208,0.0,0.5725717029229872,1.0,0.0,0.39314292573074683
55,path_Router1_to_Router34,Router4,0.0,0.104,171.813,18.393,0.18673218673218675,0.14029652830965145,1.0,0.4985772479482418,0.45640149074751996
55,path_Router1_to_Router34,Router7,0.0,0.142,150.709,45.558,0.2800982800982801,0.4508281987677043,1.0,0.5775924040016773,0.5771297207169155
55,path_Router1_to_Router34,Router10,0.0,0.176,51.842,93.599,0.36363636363636365,1.0,1.0,0.9477587911100462,0.8278487886866025
55,path_Router1_to_Router34,Router13,0.0,0.227,116.965,34.78,0.488943488943489,0.32762148629956905,1.0,0.7039327861978074,0.6301244403602163
55,path_Router1_to_Router34,Router16,0.0,0.28,78.161,28.817,0.6191646191646192,0.25945655528755474,1.0,0.8492182351884023,0.681959852410144
55,path_Router1_to_Router34,Router19,0.0,0.279,202.132,6.12,0.6167076167076168,0.0,1.0,0.38506035463966926,0.5004419928368216
55,path_Router1_to_Router34,Router22,0.0,0.309,184.698,68.937,0.6904176904176904,0.7180809108471747,1.0,0.4503347211405978,0.7147083306013657
55,path_Router1_to_Router34,Router25,0.0,0.365,150.487,58.708,0.828009828009828,0.6011499902833823,1.0,0.5784235907266518,0.7518958522549656
55,path_Router1_to_Router34,Router28,0.0,0.353,178.893,35.162,0.7985257985257985,0.3319882486082374,1.0,0.47206913077337803,0.6506457944768536
55,path_Router1_to_Router34,Router31,0.0,0.358,126.167,70.208,0.8108108108108107,0.7326101121411995,1.0,0.669479722039178,0.8032251612477971
55,path_Router1_to_Router34,Router34,0.0,0.435,37.889,86.55,1.0,0.91942066095863,1.0,1.0,0.9798551652396574
56,path_Router1_to_Router34,Router1,0.0,0.026,251.5,60.719,0.0,0.6838641868116803,1.0,0.0,0.42096604670292004
56,path_Router1_to_Router34,Router4,0.0,0.111,178.586,11.442,0.20190023752969125,0.12090435497875061,1.0,0.34833248138045025,0.41778426847222305
56,path_Router1_to_Router34,Router7,0.0,0.153,155.566,49.104,0.3016627078384798,0.5511698578805464,1.0,0.4583060628789,0.5777846571494816
56,path_Router1_to_Router34,Router10,0.0,0.198,61.816,88.391,0.4085510688836105,1.0,1.0,0.9061784897025171,0.8286823896465318
56,path_Router1_to_Router34,Router13,0.0,0.226,125.927,27.545,0.4750593824228029,0.3048713613307133,1.0,0.5999006320375687,0.5949578439477712
56,path_Router1_to_Router34,Router16,0.0,0.261,70.53,27.652,0.5581947743467934,0.3060937714207375,1.0,0.8645490462108798,0.6822093979946027
56,path_Router1_to_Router34,Router19,0.0,0.316,178.624,0.859,0.6888361045130641,0.0,1.0,0.3481509437567778,0.5092467620674606
56,path_Router1_to_Router34,Router22,0.0,0.323,160.044,65.187,0.7054631828978623,0.734908376365215,1.0,0.43691328712086097,0.7193212115959846
56,path_Router1_to_Router34,Router25,0.0,0.379,131.424,46.265,0.838479809976247,0.5187360051181281,1.0,0.5736397815815748,0.7327138991689874
56,path_Router1_to_Router34,Router28,0.0,0.349,159.343,33.313,0.7672209026128265,0.37076726225837403,1.0,0.4402621785470302,0.6445625858545576
56,path_Router1_to_Router34,Router31,0.0,0.419,115.474,76.479,0.9334916864608075,0.8639126262395467,1.0,0.6498378104651663,0.8618105307913801
56,path_Router1_to_Router34,Router34,0.0,0.447,42.177,85.883,1.0,0.9713476214413014,1.0,1.0,0.9928369053603253
57,path_Router1_to_Router34,Router1,0.0,0.026,254.497,52.238,0.0,0.5273039472737181,1.0,0.0,0.3818259868184295
57,path_Router1_to_Router34,Router4,0.0,0.094,157.928,14.081,0.17258883248730966,0.1349722899122942,1.0,0.46201947228667806,0.4423951486715705
57,path_Router1_to_Router34,Router7,0.0,0.153,144.792,50.577,0.3223350253807107,0.5102254850550603,1.0,0.5248666363658111,0.5893567867003955
57,path_Router1_to_Router34,Router10,0.0,0.201,61.207,98.211,0.44416243654822346,1.0,1.0,0.9247661651077674,0.8422321504139978
57,path_Router1_to_Router34,Router13,0.0,0.199,104.732,28.034,0.43908629441624375,0.27843754177077223,1.0,0.7165275219481856,0.6085128395338004
57,path_Router1_to_Router34,Router16,0.0,0.226,86.566,24.693,0.5076142131979696,0.24408525864462197,1.0,0.8034399445015908,0.6387848540860456
57,path_Router1_to_Router34,Router19,0.0,0.305,191.975,0.954,0.7081218274111675,0.0,1.0,0.29912685692414426,0.5018121710838279
57,path_Router1_to_Router34,Router22,0.0,0.293,178.336,65.237,0.6776649746192893,0.6609601365454414,1.0,0.3643805468507045,0.6757514145038588
57,path_Router1_to_Router34,Router25,0.0,0.369,158.668,44.684,0.8705583756345178,0.4496334454075285,1.0,0.4584790565270435,0.6946677193922725
57,path_Router1_to_Router34,Router28,0.0,0.357,140.147,37.949,0.8401015228426396,0.3803839312337415,1.0,0.5470899217759492,0.6918938439630825
57,path_Router1_to_Router34,Router31,0.0,0.399,130.993,76.099,0.9467005076142133,0.7726436143413843,1.0,0.5908858215917518,0.8275574858868373
57,path_Router1_to_Router34,Router34,0.0,0.42,45.482,82.233,1.0,0.8357136247262409,1.0,1.0,0.9589284061815602
58,path_Router1_to_Router34,Router1,0.0,0.025,260.409,48.515,0.0,0.49187852344644367,1.0,0.0,0.37296963086161095
58,path_Router1_to_Router34,Router4,0.0,0.089,178.953,4.589,0.15609756097560976,0.017484934228999723,1.0,0.3636542213372739,0.3843091791354708
58,path_Router1_to_Router34,Router7,0.0,0.134,151.163,51.956,0.26585365853658544,0.5290407585804696,1.0,0.4877205984115574,0.5706537538821531
58,path_Router1_to_Router34,Router10,0.0,0.184,50.138,95.564,0.3878048780487805,1.0,1.0,0.9387391570272285,0.8316360087690022
58,path_Router1_to_Router34,Router13,0.0,0.198,111.615,27.315,0.42195121951219516,0.2629220035855455,1.0,0.664279687311657,0.5872882276023494
58,path_Router1_to_Router34,Router16,0.0,0.28,80.605,32.536,0.6219512195121951,0.31930794651921296,1.0,0.802721513618729,0.6859951699125343
58,path_Router1_to_Router34,Router19,0.0,0.303,175.94,2.97,0.6780487804878048,0.0,1.0,0.3771055345479546,0.5137885787589398
58,path_Router1_to_Router34,Router22,0.0,0.288,180.004,57.608,0.6414634146341462,0.5900814307622524,1.0,0.3589621104230936,0.6476267389548731
58,path_Router1_to_Router34,Router25,0.0,0.361,164.468,59.274,0.8195121951219512,0.6080739572758495,1.0,0.42832142075868446,0.7139768932891213
58,path_Router1_to_Router34,Router28,0.0,0.35,170.315,34.527,0.7926829268292682,0.3408104196816209,1.0,0.40221792645305876,0.6339278182409869
58,path_Router1_to_Router34,Router31,0.0,0.362,122.329,79.965,0.8219512195121951,0.8315333606929176,1.0,0.6164478354234284,0.8174831039071353
58,path_Router1_to_Router34,Router34,0.0,0.435,36.416,92.715,1.0,0.9692312676847313,1.0,1.0,0.9923078169211829
59,path_Router1_to_Router34,Router1,0.0,0.024,231.275,57.218,0.0,0.549068638109734,1.0,0.0,0.3872671595274335
59,path_Router1_to_Router34,Router4,0.0,0.105,144.092,19.321,0.17270788912579957,0.09127588123021914,1.0,0.4670059190615207,0.43274742235438485
59,path_Router1_to_Router34,Router7,0.0,0.147,178.299,49.243,0.2622601279317697,0.4527312700828683,1.0,0.28377212952299324,0.4996908818844078
59,path_Router1_to_Router34,Router10,0.0,0.177,46.894,94.225,0.326226012793177,0.9961102655166582,1.0,0.9876583549829927,0.8274986583232069
59,path_Router1_to_Router34,Router13,0.0,0.199,121.335,27.861,0.37313432835820903,0.1944384044840666,1.0,0.5889064466882717,0.5391197948826368
59,path_Router1_to_Router34,Router16,0.0,0.263,65.253,29.175,0.5095948827292112,0.21031142035708247,1.0,0.8893162278704769,0.6523056327391927
59,path_Router1_to_Router34,Router19,0.0,0.277,175.661,11.765,0.5394456289978679,0.0,1.0,0.29790288453812575,0.45933712838399837
59,path_Router1_to_Router34,Router22,0.0,0.295,163.694,54.479,0.5778251599147121,0.5159817351598174,1.0,0.36200551731526376,0.6139531030974483
59,path_Router1_to_Router34,Router25,0.0,0.305,154.878,44.469,0.5991471215351812,0.39506172839506176,1.0,0.4092294506789513,0.6008595751522986
59,path_Router1_to_Router34,Router28,0.0,0.389,154.876,37.068,0.7782515991471216,0.30565823488197913,1.0,0.40924016391247287,0.6232874994853934
59,path_Router1_to_Router34,Router31,0.0,0.451,143.349,77.3,0.9104477611940299,0.7916576067260999,1.0,0.4709858853148352,0.7932728133087412
59,path_Router1_to_Router34,Router34,0.0,0.493,44.59,94.547,1.0,1.0,1.0,1.0,1.0
60,path_Router1_to_Router34,Router1,0.0,0.027,310.738,49.534,0.0,0.5495696378025532,1.0,0.0,0.3873924094506383
60,path_Router1_to_Router34,Router4,0.0,0.093,167.14,18.68,0.1466666666666667,0.19310265149327013,1.0,0.5295751169986392,0.46733610878964404
60,path_Router1_to_Router34,Router7,0.0,0.144,167.026,55.365,0.26,0.6169372075558893,1.0,0.5299955376405551,0.6017331862991111
60,path_Router1_to_Router34,Router10,0.0,0.171,58.371,87.614,0.32000000000000006,0.989521113742707,1.0,0.9307043520912239,0.8100563664584828
60,path_Router1_to_Router34,Router13,0.0,0.212,110.202,25.403,0.41111111111111115,0.27077580729016226,1.0,0.7395567881338119,0.6053609266337714
60,path_Router1_to_Router34,Router16,0.0,0.264,68.176,25.004,0.5266666666666667,0.26616602160475994,1.0,0.8945444889860856,0.6718442943143781
60,path_Router1_to_Router34,Router19,0.0,0.26,191.912,1.966,0.5177777777777779,0.0,1.0,0.4382184490903794,0.4889990567170393
60,path_Router1_to_Router34,Router22,0.0,0.336,165.76,64.392,0.6866666666666668,0.7212292761827739,1.0,0.5346644195060427,0.7356400905888708
60,path_Router1_to_Router34,Router25,0.0,0.333,171.344,47.424,0.68,0.5251920744035584,1.0,0.5140711838528971,0.6798158145641138
60,path_Router1_to_Router34,Router28,0.0,0.379,170.418,44.543,0.7822222222222223,0.4919068800184853,1.0,0.5174861795933721,0.69790382045852
60,path_Router1_to_Router34,Router31,0.0,0.41,134.165,77.908,0.851111111111111,0.8773843221073306,1.0,0.6511836316230082,0.8449197662103625
60,path_Router1_to_Router34,Router34,0.0,0.477,39.581,88.521,1.0,1.0,1.0,1.0,1.0
61,path_Router1_to_Router34,Router1,0.0,0.022,231.303,47.529,0.0,0.4809862255487767,1.0,0.0,0.37024655638719417
61,path_Router1_to_Router34,Router4,0.0,0.092,175.409,9.293,0.16627078384798102,0.0,1.0,0.2883274182898647,0.36364955053446146
61,path_Router1_to_Router34,Router7,0.0,0.151,149.153,58.587,0.30641330166270786,0.6200893137933203,1.0,0.4237681578078574,0.5875676933159714
61,path_Router1_to_Router34,Router10,0.0,0.202,57.924,88.788,0.42755344418052266,1.0,1.0,0.8943700478705844,0.8304808730127767
61,path_Router1_to_Router34,Router13,0.0,0.205,125.209,27.525,0.4346793349168646,0.22934775772061133,1.0,0.5472825189831627,0.5528274029051596
61,path_Router1_to_Router34,Router16,0.0,0.249,83.208,30.869,0.5391923990498813,0.27141329643373796,1.0,0.763943339385936,0.6436372587173887
61,path_Router1_to_Router34,Router19,0.0,0.283,172.507,12.12,0.6199524940617577,0.03556198503050506,1.0,0.30329729283591944,0.48970294298204553
61,path_Router1_to_Router34,Router22,0.0,0.328,158.673,59.387,0.7268408551068883,0.6301528398012454,1.0,0.37465954110267413,0.682913309002702
61,path_Router1_to_Router34,Router25,0.0,0.33,156.139,53.423,0.7315914489311164,0.5551292534121642,1.0,0.3877310993727302,0.6686129504290027
61,path_Router1_to_Router34,Router28,0.0,0.357,144.323,37.855,0.7957244655581948,0.3592930372979432,1.0,0.44868355893034,0.6509252654466195
61,path_Router1_to_Router34,Router31,0.0,0.443,143.281,83.414,1.0,0.9323982640417637,1.0,0.4540586827335754,0.8466142366938347
61,path_Router1_to_Router34,Router34,0.0,0.399,37.447,86.945,0.8954869358669834,0.9768161519592425,1.0,1.0,0.9680757719565565
62,path_Router1_to_Router34,Router1,0.0,0.027,276.823,56.18,0.0,0.5576150382619581,1.0,0.0,0.38940375956548956
62,path_Router1_to_Router34,Router4,0.0,0.105,169.08,8.809,0.17256637168141595,0.07938094372766369,1.0,0.4554285110430095,0.4268439566130223
62,path_Router1_to_Router34,Router7,0.0,0.153,155.02,47.533,0.2787610619469027,0.47031921981949243,1.0,0.5148599809785479,0.5659850656862357
62,path_Router1_to_Router34,Router10,0.0,0.177,55.398,100.0,0.33185840707964603,1.0,1.0,0.935961111698193,0.8169548796944597
62,path_Router1_to_Router34,Router13,0.0,0.23,105.672,36.858,0.4491150442477877,0.3625497203545541,1.0,0.723453450280038,0.633779553720595
62,path_Router1_to_Router34,Router16,0.0,0.229,65.427,22.829,0.4469026548672567,0.22091990227552646,1.0,0.8935686357391946,0.6403477982204945
62,path_Router1_to_Router34,Router19,0.0,0.27,213.668,0.946,0.5376106194690267,0.0,1.0,0.2669555109373348,0.45114153260159034
62,path_Router1_to_Router34,Router22,0.0,0.351,187.483,56.32,0.7168141592920354,0.5590284087467442,1.0,0.3776392264609531,0.6633704486249331
62,path_Router1_to_Router34,Router25,0.0,0.361,150.946,52.176,0.7389380530973452,0.5171926423970764,1.0,0.5320807354961428,0.6970528577476411
62,path_Router1_to_Router34,Router28,0.0,0.339,152.313,39.935,0.6902654867256638,0.39361358450945955,1.0,0.5263024410863363,0.6525453780803648
62,path_Router1_to_Router34,Router31,0.0,0.429,145.822,77.161,0.8893805309734514,0.7694287964140772,1.0,0.5537398288069322,0.8031372890486151
62,path_Router1_to_Router34,Router34,0.0,0.479,40.248,83.774,1.0,0.8361903608132938,1.0,1.0,0.9590475902033234
63,path_Router1_to_Router34,Router1,0.0,0.025,257.065,58.498,0.0,0.5591301139246344,1.0,0.0,0.3897825284811586
63,path_Router1_to_Router34,Router4,0.0,0.095,154.336,10.008,0.17412935323383089,0.0,1.0,0.470114726865856,0.41106102002492173
63,path_Router1_to_Router34,Router7,0.0,0.155,143.916,53.535,0.32338308457711445,0.5019025875190258,1.0,0.5177993675607155,0.585771259914214
63,path_Router1_to_Router34,Router10,0.0,0.188,49.203,96.732,0.40547263681592044,1.0,1.0,0.9512307854236931,0.8391758555599034
63,path_Router1_to_Router34,Router13,0.0,0.229,126.612,27.284,0.5074626865671642,0.19920667865873345,1.0,0.5969869896896838,0.5759140887288954
63,path_Router1_to_Router34,Router16,0.0,0.243,81.546,18.857,0.5422885572139304,0.10203634518703011,1.0,0.8032207725643994,0.61188641874134
63,path_Router1_to_Router34,Router19,0.0,0.318,173.766,11.706,0.7288557213930349,0.019579355195793555,1.0,0.38119797363158353,0.532408262555103
63,path_Router1_to_Router34,Router22,0.0,0.306,153.978,64.547,0.6990049751243781,0.6288801254554679,1.0,0.471753028340785,0.6999095322301577
63,path_Router1_to_Router34,Router25,0.0,0.335,149.384,52.791,0.7711442786069652,0.4933236474332365,1.0,0.49277637184867223,0.6893110744722185
63,path_Router1_to_Router34,Router28,0.0,0.417,136.63,39.463,0.9751243781094527,0.33964069922974033,1.0,0.551142005958292,0.7164767708243713
63,path_Router1_to_Router34,Router31,0.0,0.391,147.406,72.519,0.9104477611940299,0.7208039297080394,1.0,0.5018282163107097,0.7832699768031948
63,path_Router1_to_Router34,Router34,0.0,0.427,38.546,93.525,1.0,0.9630206171302063,1.0,1.0,0.9907551542825516
64,path_Router1_to_Router34,Router1,0.0,0.023,287.694,61.608,0.0,0.668936523720216,1.0,0.0,0.417234130930054
64,path_Router1_to_Router34,Router4,0.0,0.094,143.272,15.556,0.1536796536796537,0.08927964554986342,1.0,0.5738979777549067,0.45421431924610595
64,path_Router1_to_Router34,Router7,0.0,0.134,176.35,57.553,0.2402597402597403,0.6178962075345827,1.0,0.4424540335623543,0.5751524953391693
64,path_Router1_to_Router34,Router10,0.0,0.181,58.822,87.91,0.341991341991342,1.0,1.0,0.9094817823096273,0.8128682810752423
64,path_Router1_to_Router34,Router13,0.0,0.205,99.272,37.265,0.393939393939394,0.36253099550643825,1.0,0.7487432992517415,0.6263034221743935
64,path_Router1_to_Router34,Router16,0.0,0.247,86.365,25.922,0.4848484848484849,0.21975656727126264,1.0,0.8000325848099153,0.6261594092324158
64,path_Router1_to_Router34,Router19,0.0,0.29,192.852,8.463,0.5779220779220778,0.0,1.0,0.37687909048642765,0.48870029210212634
64,path_Router1_to_Router34,Router22,0.0,0.338,173.771,64.089,0.6818181818181819,0.7001648898007476,1.0,0.4527023536564529,0.7086713563188456
64,path_Router1_to_Router34,Router25,0.0,0.358,140.758,51.282,0.725108225108225,0.5389630823064432,1.0,0.5838880036240667,0.7119898277596838
64,path_Router1_to_Router34,Router28,0.0,0.369,150.536,44.0,0.7489177489177489,0.44730449230304475,1.0,0.5450326046787018,0.6853137114748739
64,path_Router1_to_Router34,Router31,0.0,0.389,134.781,81.569,0.7922077922077922,0.9201857842335143,1.0,0.607639151046489,0.8300081818719489
64,path_Router1_to_Router34,Router34,0.0,0.485,36.043,82.922,1.0,0.9372160056389794,1.0,1.0,0.9843040014097448
65,path_Router1_to_Router34,Router1,0.0,0.026,233.822,54.64,0.0,0.571229629314652,1.0,0.0,0.39280740732866304
65,path_Router1_to_Router34,Router4,0.0,0.089,163.035,6.011,0.15217391304347827,0.05427930561609031,1.0,0.35727732941669316,0.39093263701906544
65,path_Router1_to_Router34,Router7,0.0,0.147,171.752,57.838,0.2922705314009662,0.6052259511635076,1.0,0.3132807413351906,0.5526943059749161
65,path_Router1_to_Router34,Router10,0.0,0.192,58.299,94.974,0.4009661835748793,1.0,1.0,0.885902619000752,0.8217172006439077
65,path_Router1_to_Router34,Router13,0.0,0.204,106.403,36.812,0.42995169082125606,0.3817091709277232,1.0,0.6431113062701572,0.6136930420047841
65,path_Router1_to_Router34,Router16,0.0,0.224,67.822,19.44,0.47826086956521746,0.19703621809522798,1.0,0.8378379742491002,0.6282837654773864
65,path_Router1_to_Router34,Router19,0.0,0.315,174.673,0.905,0.6980676328502415,0.0,1.0,0.2985378213184339,0.4991513635421689
65,path_Router1_to_Router34,Router22,0.0,0.291,180.095,60.419,0.6400966183574879,0.6326632578213863,1.0,0.2711718123041049,0.6359829221207447
65,path_Router1_to_Router34,Router25,0.0,0.382,136.443,53.878,0.8599033816425121,0.5631291924013224,1.0,0.4914929162313441,0.7286313725687947
65,path_Router1_to_Router34,Router28,0.0,0.397,168.61,39.219,0.8961352657004831,0.40729677151877874,1.0,0.3291390962453754,0.6581427833661593
65,path_Router1_to_Router34,Router31,0.0,0.393,111.426,83.561,0.8864734299516909,0.8786741647088839,1.0,0.6177591367240535,0.845726682846157
65,path_Router1_to_Router34,Router34,0.0,0.44,35.693,88.197,1.0,0.927957137845624,1.0,1.0,0.981989284461406
66,path_Router1_to_Router34,Router1,0.0,0.023,278.671,58.882,0.0,0.6391301757521596,1.0,0.0,0.4097825439380399
66,path_Router1_to_Router34,Router4,0.0,0.095,165.392,18.578,0.1640091116173121,0.1588918677390527,1.0,0.4665469537032079,0.4473619832648932
66,path_Router1_to_Router34,Router7,0.0,0.14,146.086,54.985,0.2665148063781322,0.5926958593982722,1.0,0.5460599745472666,0.6013176600809177
66,path_Router1_to_Router34,Router10,0.0,0.189,53.37,89.168,0.37813211845102507,1.0,1.0,0.9279168708788605,0.8265122473324713
66,path_Router1_to_Router34,Router13,0.0,0.23,115.527,32.501,0.47152619589977224,0.3247899910634494,1.0,0.6719192102239264,0.617058849296787
66,path_Router1_to_Router34,Router16,0.0,0.238,71.824,26.43,0.489749430523918,0.2524515936848376,1.0,0.8519128676334311,0.6485284729605467
66,path_Router1_to_Router34,Router19,0.0,0.297,216.912,5.243,0.6241457858769931,0.0,1.0,0.2543584716828045,0.4696260643899494
66,path_Router1_to_Router34,Router22,0.0,0.277,145.283,54.023,0.5785876993166287,0.5812332439678284,1.0,0.5493671824483223,0.6772970314331949
66,path_Router1_to_Router34,Router25,0.0,0.325,139.282,55.354,0.6879271070615034,0.5970926422400952,1.0,0.5740826925532221,0.7147756104637052
66,path_Router1_to_Router34,Router28,0.0,0.406,169.458,34.978,0.8724373576309795,0.3543044384867441,1.0,0.44980086736984304,0.6691356658718917
66,path_Router1_to_Router34,Router31,0.0,0.417,119.878,72.329,0.8974943052391798,0.7993565683646111,1.0,0.6539993327924285,0.8377125515990549
66,path_Router1_to_Router34,Router34,0.0,0.462,35.868,82.305,1.0,0.9182246053023533,1.0,1.0,0.9795561513255884
67,path_Router1_to_Router34,Router1,0.0,0.024,231.644,55.256,0.0,0.5008423748231013,1.0,0.0,0.37521059370577536
67,path_Router1_to_Router34,Router4,0.0,0.101,160.992,15.011,0.16348195329087054,0.0488240447469506,1.0,0.3714167056559933,0.39593067592345355
67,path_Router1_to_Router34,Router7,0.0,0.159,150.546,43.388,0.2866242038216561,0.3675449828155536,1.0,0.4263312007485951,0.5201250968464513
67,path_Router1_to_Router34,Router10,0.0,0.182,52.257,99.698,0.33545647558386416,1.0,1.0,0.9430352796454686,0.8196229388073332
67,path_Router1_to_Router34,Router13,0.0,0.235,111.282,28.713,0.44798301486199577,0.20272030909540176,1.0,0.6327415717342277,0.5708612239229063
67,path_Router1_to_Router34,Router16,0.0,0.269,72.1,18.417,0.5201698513800426,0.08707909338005708,1.0,0.8387208697160701,0.6114924536190425
67,path_Router1_to_Router34,Router19,0.0,0.309,209.552,10.664,0.6050955414012739,0.0,1.0,0.11613737560652504,0.4303082292519498
67,path_Router1_to_Router34,Router22,0.0,0.35,151.035,68.409,0.692144373673036,0.6485724554664511,1.0,0.42376053368940664,0.6911193407072235
67,path_Router1_to_Router34,Router25,0.0,0.351,127.827,59.765,0.6942675159235668,0.5514859491879507,1.0,0.5457647077377604,0.6978795432123195
67,path_Router1_to_Router34,Router28,0.0,0.36,156.69,35.866,0.7133757961783439,0.2830604038906485,1.0,0.39403226739143005,0.5976171168651057
67,path_Router1_to_Router34,Router31,0.0,0.374,121.973,79.944,0.7430997876857749,0.7781297032594291,1.0,0.5765391146181061,0.7744421513908275
67,path_Router1_to_Router34,Router34,0.0,0.495,41.421,89.203,1.0,0.88212368308736,1.0,1.0,0.97053092077184
68,path_Router1_to_Router34,Router1,0.0,0.027,249.115,50.113,0.0,0.4988399071925754,1.0,0.0,0.3747099767981439
68,path_Router1_to_Router34,Router4,0.0,0.106,133.536,12.122,0.21066666666666667,0.08500811520320688,1.0,0.540457508393577,0.4590330725658626
68,path_Router1_to_Router34,Router7,0.0,0.155,177.108,57.569,0.3413333333333333,0.5800572966025076,1.0,0.3367110271493636,0.5645254142713011
68,path_Router1_to_Router34,Router10,0.0,0.196,54.873,86.839,0.4506666666666667,0.8988921930655861,1.0,0.908292573437953,0.8144628582925514
68,path_Router1_to_Router34,Router13,0.0,0.224,103.039,30.049,0.5253333333333333,0.28028495800790826,1.0,0.6830641465672843,0.6221706094771314
68,path_Router1_to_Router34,Router16,0.0,0.252,72.131,30.58,0.6,0.28606908270971537,1.0,0.8275926566723092,0.6784154348455061
68,path_Router1_to_Router34,Router19,0.0,0.304,194.061,4.318,0.7386666666666666,0.0,1.0,0.25743731704807954,0.4990259959286865
68,path_Router1_to_Router34,Router22,0.0,0.3,144.53,65.109,0.7279999999999999,0.6621896887901266,1.0,0.4890486032526864,0.7198095730107033
68,path_Router1_to_Router34,Router25,0.0,0.332,136.45,46.946,0.8133333333333334,0.46434212389573326,1.0,0.5268313896396608,0.7011267117171818
68,path_Router1_to_Router34,Router28,0.0,0.332,168.272,31.0,0.8133333333333334,0.29064409659815044,1.0,0.3780289356289806,0.6205015913901161
68,path_Router1_to_Router34,Router31,0.0,0.402,139.802,77.615,1.0,0.7984161737633846,1.0,0.5111571445939753,0.82739332958934
68,path_Router1_to_Router34,Router34,0.0,0.399,35.261,96.121,0.992,1.0,1.0,1.0,0.998
69,path_Router1_to_Router34,Router1,0.0,0.027,296.204,49.901,0.0,0.4996100365451467,1.0,0.0,0.37490250913628664
69,path_Router1_to_Router34,Router4,0.0,0.107,160.287,15.318,0.19093078758949883,0.11429271771102593,1.0,0.5366634684103087,0.46047174342770836
69,path_Router1_to_Router34,Router7,0.0,0.135,162.29,55.956,0.2577565632458234,0.5670737142347804,1.0,0.5287546937373403,0.588396242804486
69,path_Router1_to_Router34,Router10,0.0,0.191,58.687,93.298,0.3914081145584726,0.9831312951243427,1.0,0.9378274757860405,0.8280917213672139
69,path_Router1_to_Router34,Router13,0.0,0.211,112.468,28.444,0.43914081145584727,0.26054015509403694,1.0,0.7254750990077508,0.6062890163894088
69,path_Router1_to_Router34,Router16,0.0,0.255,68.873,20.18,0.5441527446300717,0.16846421249665747,1.0,0.8976084149678398,0.6525563430236423
69,path_Router1_to_Router34,Router19,0.0,0.258,177.611,5.06,0.5513126491646778,0.0,1.0,0.468260266995179,0.5048932290399641
69,path_Router1_to_Router34,Router22,0.0,0.318,164.345,61.991,0.6945107398568019,0.6343145556644977,1.0,0.5206405989031165,0.7123664736061041
69,path_Router1_to_Router34,Router25,0.0,0.376,141.519,55.876,0.8329355608591885,0.5661823691951154,1.0,0.6107682527649123,0.7524715457048041
69,path_Router1_to_Router34,Router28,0.0,0.348,166.062,41.485,0.7661097852028639,0.40584053837240397,1.0,0.5138610851170522,0.67145285217308
69,path_Router1_to_Router34,Router31,0.0,0.446,147.408,82.731,1.0,0.8653957571976112,1.0,0.5875157445027501,0.8632278754250904
69,path_Router1_to_Router34,Router34,0.0,0.434,42.941,94.812,0.9713603818615751,1.0,1.0,1.0,0.9928400954653938
70,path_Router1_to_Router34,Router1,0.0,0.022,284.956,59.479,0.0,0.5856117048174493,1.0,0.0,0.39640292620436235
70,path_Router1_to_Router34,Router4,0.0,0.103,145.781,13.167,0.16874999999999998,0.06518783220398026,1.0,0.5758457184469233,0.45244588766272587
70,path_Router1_to_Router34,Router7,0.0,0.136,146.371,51.005,0.23750000000000004,0.49038645225814426,1.0,0.5734045546324187,0.5753227517226407
70,path_Router1_to_Router34,Router10,0.0,0.171,48.751,86.798,0.31041666666666673,0.8926047039521738,1.0,0.9773137267882559,0.7950837743517741
70,path_Router1_to_Router34,Router13,0.0,0.244,111.047,33.272,0.4625,0.29111463214554606,1.0,0.7195599285028632,0.6182936401621023
70,path_Router1_to_Router34,Router16,0.0,0.255,77.277,25.96,0.4854166666666667,0.20894717324613155,1.0,0.8592855251398498,0.638412341263162
70,path_Router1_to_Router34,Router19,0.0,0.291,177.997,7.366,0.5604166666666666,0.0,1.0,0.44254989904339476,0.5007416414275153
70,path_Router1_to_Router34,Router22,0.0,0.332,140.057,66.551,0.6458333333333334,0.6650822011709312,1.0,0.5995291450134058,0.7276111698794175
70,path_Router1_to_Router34,Router25,0.0,0.31,135.711,44.695,0.6,0.4194788119879985,1.0,0.6175110059249942,0.6592474544782482
70,path_Router1_to_Router34,Router28,0.0,0.417,156.189,44.51,0.8229166666666666,0.4173999033588421,1.0,0.5327819337327464,0.6932746259395637
70,path_Router1_to_Router34,Router31,0.0,0.358,130.659,70.948,0.7,0.7144928024812054,1.0,0.6384139882824138,0.7632266976909048
70,path_Router1_to_Router34,Router34,0.0,0.502,43.268,96.355,1.0,1.0,1.0,1.0,1.0
71,path_Router1_to_Router34,Router1,0.0,0.024,299.805,49.205,0.0,0.5176679572820491,1.0,0.0,0.37941698932051227
71,path_Router1_to_Router34,Router4,0.0,0.09,168.591,19.089,0.16541353383458648,0.19732587329277113,1.0,0.5010252356896571,0.4659411607042536
71,path_Router1_to_Router34,Router7,0.0,0.138,165.057,44.472,0.2857142857142858,0.46732332042717956,1.0,0.5145193992920719,0.5668892513583843
71,path_Router1_to_Router34,Router10,0.0,0.184,50.263,94.55,0.4010025062656642,1.0,1.0,0.9528467950406848,0.8384623253265873
71,path_Router1_to_Router34,Router13,0.0,0.24,98.38,40.15,0.5413533834586467,0.4213504658979705,1.0,0.7691176863657018,0.6829553839305798
71,path_Router1_to_Router34,Router16,0.0,0.225,84.51,30.334,0.5037593984962406,0.3169382632004425,1.0,0.8220786510418456,0.6606940781846322
71,path_Router1_to_Router34,Router19,0.0,0.254,169.137,0.538,0.5764411027568923,0.0,1.0,0.49894039886823144,0.518845375406281
71,path_Router1_to_Router34,Router22,0.0,0.328,145.076,59.788,0.761904761904762,0.6302386929328171,1.0,0.590814499161865,0.745739488499861
71,path_Router1_to_Router34,Router25,0.0,0.332,152.549,57.216,0.7719298245614036,0.6028804833425521,1.0,0.5622797270620219,0.7342725087414944
71,path_Router1_to_Router34,Router28,0.0,0.335,138.034,37.404,0.7794486215538847,0.39214142875377617,1.0,0.6177035484228172,0.6973233996826195
71,path_Router1_to_Router34,Router31,0.0,0.398,143.577,78.04,0.93734335839599,0.8243841211760202,1.0,0.5965382544646437,0.8395664335091635
71,path_Router1_to_Router34,Router34,0.0,0.423,37.914,91.543,1.0,0.9680147215249119,1.0,1.0,0.992003680381228
72,path_Router1_to_Router34,Router1,0.0,0.025,230.742,62.069,0.0,0.7044649748036501,1.0,0.0,0.4261162437009125
72,path_Router1_to_Router34,Router4,0.0,0.101,168.85,18.408,0.18491484184914847,0.2089254097244291,1.0,0.3179851827495145,0.42795635858077297
72,path_Router1_to_Router34,Router7,0.0,0.157,174.009,56.678,0.3211678832116789,0.6432787034094519,1.0,0.2914795671965393,0.5639815384544176
72,path_Router1_to_Router34,Router10,0.0,0.201,61.111,88.108,0.42822384428223853,1.0,1.0,0.8715204636299182,0.8249360769780393
72,path_Router1_to_Router34,Router13,0.0,0.248,106.062,39.699,0.5425790754257908,0.4505720252417487,1.0,0.6405737831255973,0.6584312209482842
72,path_Router1_to_Router34,Router16,0.0,0.232,81.204,27.176,0.5036496350364964,0.30843964225722975,1.0,0.7682877958055468,0.6450942682748182
72,path_Router1_to_Router34,Router19,0.0,0.28,203.932,0.0,0.6204379562043796,0.0,1.0,0.13774288679497326,0.4395452107498382
72,path_Router1_to_Router34,Router22,0.0,0.299,141.629,67.1,0.6666666666666666,0.7615653516139282,1.0,0.4578396818709605,0.7215179250378888
72,path_Router1_to_Router34,Router25,0.0,0.348,157.357,45.422,0.7858880778588807,0.5155263994188949,1.0,0.3770332617474491,0.6696119347563062
72,path_Router1_to_Router34,Router28,0.0,0.399,160.982,38.647,0.9099756690997567,0.43863213329096107,1.0,0.35840894378281735,0.6767541865433838
72,path_Router1_to_Router34,Router31,0.0,0.389,144.057,79.786,0.8856447688564477,0.9055477368683887,1.0,0.4453652421418223,0.8091394369666647
72,path_Router1_to_Router34,Router34,0.0,0.436,36.104,85.04,1.0,0.9651790983792619,1.0,1.0,0.9912947745948155
73,path_Router1_to_Router34,Router1,0.0,0.026,289.732,55.372,0.0,0.5925929919137466,1.0,0.0,0.3981482479784366
73,path_Router1_to_Router34,Router4,0.0,0.101,149.396,19.125,0.1861042183622829,0.20178975741239893,1.0,0.5492258801797149,0.4842799639885992
73,path_Router1_to_Router34,Router7,0.0,0.16,176.385,49.824,0.33250620347394544,0.5327762803234501,1.0,0.4436004007576826,0.5772207211387695
73,path_Router1_to_Router34,Router10,0.0,0.201,53.976,93.159,0.43424317617866015,1.0,1.0,0.9226662909563393,0.8392273667837499
73,path_Router1_to_Router34,Router13,0.0,0.197,97.996,32.752,0.424317617866005,0.348711590296496,1.0,0.750387451275067,0.6308541648593919
73,path_Router1_to_Router34,Router16,0.0,0.266,73.62,22.138,0.5955334987593053,0.2342749326145553,1.0,0.8457865652248783,0.6688987491496847
73,path_Router1_to_Router34,Router19,0.0,0.274,172.036,0.409,0.6153846153846155,0.0,1.0,0.4606208613159255,0.5190013691751352
73,path_Router1_to_Router34,Router22,0.0,0.302,160.595,59.07,0.684863523573201,0.6324636118598382,1.0,0.5053969223062353,0.7056810144348187
73,path_Router1_to_Router34,Router25,0.0,0.323,150.806,53.741,0.7369727047146403,0.5750080862533693,1.0,0.5437076347469435,0.7139221064287382
73,path_Router1_to_Router34,Router28,0.0,0.356,171.297,38.537,0.8188585607940446,0.4110835579514825,1.0,0.46351304810657656,0.673363791713026
73,path_Router1_to_Router34,Router31,0.0,0.429,115.199,74.326,1.0,0.7969487870619945,1.0,0.6830609433460135,0.870002432602002
73,path_Router1_to_Router34,Router34,0.0,0.413,34.216,91.223,0.9602977667493796,0.9791266846361185,1.0,1.0,0.9848561128463745
74,path_Router1_to_Router34,Router1,0.0,0.025,249.493,53.463,0.0,0.5100766498410918,1.0,0.0,0.37751916246027295
74,path_Router1_to_Router34,Router4,0.0,0.104,162.822,12.574,0.1717391304347826,0.00046114538543028647,1.0,0.40343053971652665,0.39390770388418483
74,path_Router1_to_Router34,Router7,0.0,0.145,140.561,55.282,0.2608695652173913,0.5327475540599489,1.0,0.5070495962017362,0.5751666788697691
74,path_Router1_to_Router34,Router10,0.0,0.179,61.069,92.772,0.3347826086956522,1.0,1.0,0.8770637931435753,0.8029616004598069
74,path_Router1_to_Router34,Router13,0.0,0.212,110.472,30.639,0.4065217391304348,0.22561226397457465,1.0,0.6471059184955897,0.5698099804001497
74,path_Router1_to_Router34,Router16,0.0,0.227,76.948,32.78,0.43913043478260877,0.25229637938555494,1.0,0.8031512556147743,0.6236445174457345
74,path_Router1_to_Router34,Router19,0.0,0.3,167.516,12.537,0.5978260869565217,0.0,1.0,0.38158121348942214,0.49485182511148595
74,path_Router1_to_Router34,Router22,0.0,0.293,160.13,54.018,0.5826086956521739,0.5169938306225463,1.0,0.41596108641515583,0.628890903172469
74,path_Router1_to_Router34,Router25,0.0,0.364,137.893,56.795,0.7369565217391304,0.5516046613074095,1.0,0.5194684292596644,0.7020074030765511
74,path_Router1_to_Router34,Router28,0.0,0.396,171.182,41.735,0.8065217391304348,0.3639060260484826,1.0,0.364516954872344,0.6337361800128154
74,path_Router1_to_Router34,Router31,0.0,0.433,130.873,74.783,0.8869565217391304,0.7757960989593071,1.0,0.5521446691647078,0.8037243224657864
74,path_Router1_to_Router34,Router34,0.0,0.485,34.658,88.064,1.0,0.9413223655511932,1.0,1.0,0.9853305913877983
75,path_Router1_to_Router34,Router1,0.0,0.022,293.24,47.663,0.0,0.4573706853648016,1.0,0.0,0.3643426713412004
75,path_Router1_to_Router34,Router4,0.0,0.108,135.731,15.115,0.19815668202764974,0.09740209469248719,1.0,0.6142929015198493,0.47746291955999653
75,path_Router1_to_Router34,Router7,0.0,0.162,140.557,51.918,0.32258064516129037,0.5044293787810084,1.0,0.5954712624850336,0.6056203216068331
75,path_Router1_to_Router34,Router10,0.0,0.202,46.976,96.727,0.4147465437788019,1.0,1.0,0.9604417976108296,0.8437970853474078
75,path_Router1_to_Router34,Router13,0.0,0.247,107.002,35.841,0.5184331797235023,0.3266238290624758,1.0,0.7263374244852908,0.6428486083178172
75,path_Router1_to_Router34,Router16,0.0,0.251,85.02,22.861,0.5276497695852534,0.18306992999259003,1.0,0.8120683132675784,0.6306970032113555
75,path_Router1_to_Router34,Router19,0.0,0.299,201.287,6.308,0.6382488479262672,0.0,1.0,0.358621254489932,0.49921752560404986
75,path_Router1_to_Router34,Router22,0.0,0.313,185.251,62.269,0.6705069124423962,0.6189075304969087,1.0,0.4211624487630992,0.6776442229256011
75,path_Router1_to_Router34,Router25,0.0,0.317,157.348,50.469,0.6797235023041475,0.4884039858879217,1.0,0.5299855308162412,0.6745282547520776
75,path_Router1_to_Router34,Router28,0.0,0.392,161.752,35.462,0.8525345622119815,0.32243223216359396,1.0,0.512809712683351,0.6719441267647316
75,path_Router1_to_Router34,Router31,0.0,0.364,120.316,72.935,0.7880184331797234,0.7368694632765238,1.0,0.6744121650344959,0.7998250153726858
75,path_Router1_to_Router34,Router34,0.0,0.456,36.833,88.607,1.0,0.9101958659131377,1.0,1.0,0.9775489664782844
76,path_Router1_to_Router34,Router1,0.0,0.028,298.132,46.455,0.0,0.4589094648001971,1.0,0.0,0.3647273662000493
76,path_Router1_to_Router34,Router4,0.0,0.101,177.148,7.181,0.1862244897959184,0.03826833892060364,1.0,0.46820071052081647,0.42317338480933464
76,path_Router1_to_Router34,Router7,0.0,0.157,178.501,57.734,0.3290816326530613,0.5797123180567011,1.0,0.4629646829358906,0.5929396584114133
76,path_Router1_to_Router34,Router10,0.0,0.164,53.977,96.975,0.34693877551020413,1.0,1.0,0.944864977825249,0.8229509383338633
76,path_Router1_to_Router34,Router13,0.0,0.202,114.621,30.888,0.44387755102040827,0.29218032067004407,1.0,0.7101763918235928,0.6115585658785113
76,path_Router1_to_Router34,Router16,0.0,0.269,82.585,20.945,0.614795918367347,0.1856865916223077,1.0,0.8341537604198112,0.6586590676023665
76,path_Router1_to_Router34,Router19,0.0,0.276,208.087,3.608,0.6326530612244899,0.0,1.0,0.34846866510321134,0.4952804315819253
76,path_Router1_to_Router34,Router22,0.0,0.345,141.647,64.233,0.8086734693877551,0.6493193526620756,1.0,0.6055874180540399,0.7658950600259677
76,path_Router1_to_Router34,Router25,0.0,0.306,156.565,50.473,0.7091836734693877,0.5019439416496193,1.0,0.5478556667518054,0.6897458204677032
76,path_Router1_to_Router34,Router28,0.0,0.382,140.753,38.132,0.903061224489796,0.3697666198978226,1.0,0.6090471435979599,0.7204687469963946
76,path_Router1_to_Router34,Router31,0.0,0.402,126.522,79.826,0.9540816326530613,0.8163269677723393,1.0,0.6641202467473163,0.8586322117931793
76,path_Router1_to_Router34,Router34,0.0,0.42,39.73,83.489,1.0,0.8555592447010186,1.0,1.0,0.9638898111752546
77,path_Router1_to_Router34,Router1,0.0,0.026,268.519,49.834,0.0,0.4515091795456903,1.0,0.0,0.36287729488642256
77,path_Router1_to_Router34,Router4,0.0,0.096,169.988,19.346,0.1785714285714286,0.1001394507254895,1.0,0.431328687247194,0.42750989163602804
77,path_Router1_to_Router34,Router7,0.0,0.157,134.547,56.985,0.3341836734693878,0.5339234058246609,1.0,0.5864749864294595,0.6136455164308771
77,path_Router1_to_Router34,Router10,0.0,0.165,48.024,93.776,0.35459183673469397,0.9579342852862197,1.0,0.9652375282354795,0.8194409125640982
77,path_Router1_to_Router34,Router13,0.0,0.238,118.244,31.78,0.5408163265306123,0.24343947723265222,1.0,0.657842896916423,0.6105246751699218
77,path_Router1_to_Router34,Router16,0.0,0.261,78.226,20.784,0.5994897959183675,0.1167121898373843,1.0,0.8330254425747255,0.6373068570826194
77,path_Router1_to_Router34,Router19,0.0,0.3,203.736,10.657,0.6989795918367346,0.0,1.0,0.2835936542401373,0.49564331151921803
77,path_Router1_to_Router34,Router22,0.0,0.32,154.745,66.181,0.75,0.6399059571966946,1.0,0.49805634838641893,0.7219905763957783
77,path_Router1_to_Router34,Router25,0.0,0.366,144.823,45.662,0.8673469387755102,0.40342749138517203,1.0,0.5414908333187414,0.703066315869856
77,path_Router1_to_Router34,Router28,0.0,0.372,145.284,34.188,0.8826530612244898,0.271191324090401,1.0,0.5394727626118475,0.6733292869816845
77,path_Router1_to_Router34,Router31,0.0,0.418,146.892,82.759,1.0,0.8309649759706808,1.0,0.5324335919032027,0.8408496419684709
77,path_Router1_to_Router34,Router34,0.0,0.415,40.083,97.426,0.9923469387755102,1.0,1.0,1.0,0.9980867346938775
78,path_Router1_to_Router34,Router1,0.0,0.022,238.088,59.036,0.0,0.5579260364729958,1.0,0.0,0.38948150911824897
78,path_Router1_to_Router34,Router4,0.0,0.091,173.549,16.957,0.15299334811529935,0.08218295288810501,1.0,0.32772891615209615,0.39072630428887517
78,path_Router1_to_Router34,Router7,0.0,0.161,148.74,54.637,0.3082039911308205,0.5081911610080385,1.0,0.45370896977575553,0.5675260304786537
78,path_Router1_to_Router34,Router10,0.0,0.193,60.112,98.137,0.3791574279379158,1.0,1.0,0.9037617809554761,0.8207298022233479
78,path_Router1_to_Router34,Router13,0.0,0.215,106.237,33.523,0.42793791574279383,0.26947732591662993,1.0,0.6695391208969775,0.5917385906391003
78,path_Router1_to_Router34,Router16,0.0,0.279,81.796,19.452,0.5698447893569846,0.11039129894063247,1.0,0.793650471238219,0.618471639883959
78,path_Router1_to_Router34,Router19,0.0,0.258,161.666,9.688,0.5232815964523282,0.0,1.0,0.3880707669808255,0.47783809085828843
78,path_Router1_to_Router34,Router22,0.0,0.311,184.846,56.569,0.6407982261640799,0.5300342570294746,1.0,0.27036277218069543,0.6102988138435624
78,path_Router1_to_Router34,Router25,0.0,0.377,148.145,51.296,0.787139689578714,0.47041798098339155,1.0,0.45673037861553456,0.6785720122944101
78,path_Router1_to_Router34,Router28,0.0,0.362,167.077,39.355,0.753880266075388,0.3354136281925177,1.0,0.3605937195320117,0.6124719034499793
78,path_Router1_to_Router34,Router31,0.0,0.402,123.278,80.233,0.8425720620842573,0.7975782654411017,1.0,0.5830049561260968,0.805788820912864
78,path_Router1_to_Router34,Router34,0.0,0.473,41.16,83.714,1.0,0.8369342785107802,1.0,1.0,0.959233569627695
79,path_Router1_to_Router34,Router1,0.0,0.024,274.122,46.429,0.0,0.44887783281462323,1.0,0.0,0.3622194582036558
79,path_Router1_to_Router34,Router4,0.0,0.09,164.697,5.468,0.1375,0.0,1.0,0.47812655661490333,0.4039066391537258
79,path_Router1_to_Router34,Router7,0.0,0.15,171.167,48.284,0.2625,0.4692061543856573,1.0,0.4498562452482282,0.5453905999084714
79,path_Router1_to_Router34,Router10,0.0,0.205,62.141,96.72,0.3770833333333333,1.0,1.0,0.9262393931714308,0.825830681626191
79,path_Router1_to_Router34,Router13,0.0,0.202,123.624,26.369,0.3708333333333334,0.22904703458554335,1.0,0.6575927851718503,0.5643682882726818
79,path_Router1_to_Router34,Router16,0.0,0.28,67.487,19.945,0.5333333333333333,0.15864857756542325,1.0,0.9028803383698474,0.648715562317151
79,path_Router1_to_Router34,Router19,0.0,0.319,191.37,12.956,0.6145833333333334,0.08205847543067549,1.0,0.36158034099151454,0.5145555374388808
79,path_Router1_to_Router34,Router22,0.0,0.292,187.233,64.007,0.5583333333333332,0.6415092271950205,1.0,0.3796567363738847,0.6448748242255596
79,path_Router1_to_Router34,Router25,0.0,0.316,141.81,56.743,0.6083333333333333,0.5619054924823567,1.0,0.5781300521711774,0.6870922194967168
79,path_Router1_to_Router34,Router28,0.0,0.352,144.666,35.693,0.6833333333333332,0.3312256169727787,1.0,0.5656509162726884,0.6450524666447002
79,path_Router1_to_Router34,Router31,0.0,0.446,147.227,74.884,0.8791666666666667,0.7607066146495419,1.0,0.5544607667502687,0.7985835120166194
79,path_Router1_to_Router34,Router34,0.0,0.504,45.26,83.936,1.0,0.8599044404506203,1.0,1.0,0.964976110112655
80,path_Router1_to_Router34,Router1,0.0,0.026,278.1,46.324,0.0,0.5067716879991249,1.0,0.0,0.3766929219997812
80,path_Router1_to_Router34,Router4,0.0,0.093,173.343,13.588,0.15654205607476637,0.14864894431681436,1.0,0.43787776189401356,0.43576719057139857
80,path_Router1_to_Router34,Router7,0.0,0.131,147.35,46.183,0.24532710280373834,0.5052291871786457,1.0,0.5465268895409593,0.5742707948808359
80,path_Router1_to_Router34,Router10,0.0,0.203,48.673,90.824,0.41355140186915895,0.9935893228312,1.0,0.9589906285790719,0.8415328383198577
80,path_Router1_to_Router34,Router13,0.0,0.224,118.449,37.852,0.4626168224299066,0.41409036210480255,1.0,0.6673312768038522,0.6360096153346404
80,path_Router1_to_Router34,Router16,0.0,0.238,66.939,21.684,0.4953271028037383,0.2372169346898589,1.0,0.8826398816241567,0.6537959797794385
80,path_Router1_to_Router34,Router19,0.0,0.309,207.297,0.0,0.661214953271028,0.0,1.0,0.2959521480701227,0.48929177533528767
80,path_Router1_to_Router34,Router22,0.0,0.306,167.668,61.443,0.6542056074766355,0.6721693468985888,1.0,0.4615989098721775,0.6969934660618504
80,path_Router1_to_Router34,Router25,0.0,0.346,164.441,57.007,0.747663551401869,0.623640739525216,1.0,0.4750875697004657,0.7115979651568877
80,path_Router1_to_Router34,Router28,0.0,0.352,168.42,29.566,0.7616822429906541,0.323443824526857,1.0,0.45845559651894774,0.6358954160091148
80,path_Router1_to_Router34,Router31,0.0,0.411,126.171,78.969,0.8995327102803737,0.863898916967509,1.0,0.6350537958016703,0.8496213557623883
80,path_Router1_to_Router34,Router34,0.0,0.454,38.862,91.41,1.0,1.0,1.0,1.0,1.0
81,path_Router1_to_Router34,Router1,0.0,0.027,271.024,48.288,0.0,0.5100126742712293,1.0,0.0,0.3775031685678073
81,path_Router1_to_Router34,Router4,0.0,0.101,175.361,9.926,0.1666666666666667,0.10483734685255597,1.0,0.4159170452816244,0.4218552647002118
81,path_Router1_to_Router34,Router7,0.0,0.146,154.738,45.146,0.26801801801801806,0.47682720743557244,1.0,0.5055803134714463,0.5626063847312592
81,path_Router1_to_Router34,Router10,0.0,0.167,55.361,94.68,0.31531531531531537,1.0,1.0,0.9376448338079607,0.813240037280819
81,path_Router1_to_Router34,Router13,0.0,0.24,124.471,38.309,0.47972972972972977,0.40461554710604136,1.0,0.6371731049325015,0.6303795954420681
81,path_Router1_to_Router34,Router16,0.0,0.23,74.519,31.411,0.4572072072072073,0.33175961132234894,1.0,0.8543509923697311,0.6608294527248219
81,path_Router1_to_Router34,Router19,0.0,0.308,164.436,0.0,0.6328828828828829,0.0,1.0,0.4634160126953762,0.5240747238945648
81,path_Router1_to_Router34,Router22,0.0,0.314,140.827,69.022,0.6463963963963965,0.7290029573299536,1.0,0.5660616073563618,0.7353652402706781
81,path_Router1_to_Router34,Router25,0.0,0.361,156.067,44.352,0.7522522522522522,0.4684410646387832,1.0,0.4998021782135171,0.6801238737761381
81,path_Router1_to_Router34,Router28,0.0,0.369,150.956,33.934,0.7702702702702703,0.3584072665821715,1.0,0.522023434273168,0.6626752427814024
81,path_Router1_to_Router34,Router31,0.0,0.383,115.16,78.222,0.8018018018018018,0.8261723700887198,1.0,0.6776548335905741,0.8264072513702738
81,path_Router1_to_Router34,Router34,0.0,0.471,41.019,83.949,1.0,0.8866603295310519,1.0,1.0,0.971665082382763
82,path_Router1_to_Router34,Router1,0.0,0.023,303.518,58.585,0.0,0.5829394162799775,1.0,0.0,0.39573485406999437
82,path_Router1_to_Router34,Router4,0.0,0.1,165.62,6.609,0.18421052631578952,0.01942842274166269,1.0,0.5204444410896656,0.43102084753677944
82,path_Router1_to_Router34,Router7,0.0,0.163,169.692,52.22,0.3349282296650718,0.5139316535842838,1.0,0.5050761996059812,0.5884840207138342
82,path_Router1_to_Router34,Router10,0.0,0.194,48.991,89.235,0.4090909090909091,0.9152391690879919,1.0,0.960616994135008,0.8212367680784772
82,path_Router1_to_Router34,Router13,0.0,0.223,118.981,32.779,0.47846889952153115,0.30315711869552026,1.0,0.6964659083189287,0.619522981633995
82,path_Router1_to_Router34,Router16,0.0,0.264,80.241,18.957,0.576555023923445,0.1533023981959322,1.0,0.8426755534755928,0.6431332438987425
82,path_Router1_to_Router34,Router19,0.0,0.257,165.019,4.817,0.5598086124401914,0.0,1.0,0.5227126908764275,0.5206303258291547
82,path_Router1_to_Router34,Router22,0.0,0.299,159.951,68.944,0.6602870813397129,0.695249143501453,1.0,0.5418399619568088,0.7243440466994937
82,path_Router1_to_Router34,Router25,0.0,0.31,171.317,53.835,0.6866028708133971,0.5314410859100569,1.0,0.49894324469169155,0.6792468003537864
82,path_Router1_to_Router34,Router28,0.0,0.367,158.348,39.547,0.8229665071770335,0.3765341081573355,1.0,0.5478898860968742,0.6868476253578107
82,path_Router1_to_Router34,Router31,0.0,0.441,136.736,84.528,1.0,0.8642070341298411,1.0,0.6294562993938753,0.8734158333809291
82,path_Router1_to_Router34,Router34,0.0,0.405,38.556,97.053,0.9138755980861245,1.0,1.0,1.0,0.9784688995215312
83,path_Router1_to_Router34,Router1,0.0,0.026,282.579,58.774,0.0,0.5450574226731487,1.0,0.0,0.3862643556682872
83,path_Router1_to_Router34,Router4,0.0,0.104,141.509,12.562,0.19847328244274812,0.002395547100683422,1.0,0.5939614411364719,0.4487075676699759
83,path_Router1_to_Router34,Router7,0.0,0.129,160.079,51.536,0.262086513994911,0.46006247211066487,1.0,0.5157742719161962,0.5594808145054431
83,path_Router1_to_Router34,Router10,0.0,0.192,54.801,97.516,0.4223918575063614,1.0,1.0,0.9590369968043048,0.8453572135776665
83,path_Router1_to_Router34,Router13,0.0,0.213,99.162,39.401,0.47582697201017815,0.31756264825383407,1.0,0.7722593439351261,0.6414122410497846
83,path_Router1_to_Router34,Router16,0.0,0.28,79.176,22.605,0.6463104325699747,0.12032927029756453,1.0,0.856408442698531,0.6557620363915175
83,path_Router1_to_Router34,Router19,0.0,0.275,215.943,12.358,0.6335877862595422,0.0,1.0,0.28056436231353177,0.4785380371432685
83,path_Router1_to_Router34,Router22,0.0,0.292,168.549,68.519,0.6768447837150127,0.6594917682425608,1.0,0.48011216511513344,0.7041121792681768
83,path_Router1_to_Router34,Router25,0.0,0.345,152.897,46.953,0.811704834605598,0.40624486249089925,1.0,0.5460133806582543,0.6909907694386879
83,path_Router1_to_Router34,Router28,0.0,0.329,134.07,39.406,0.7709923664122138,0.31762136264355667,1.0,0.625282623248999,0.6784740880761924
83,path_Router1_to_Router34,Router31,0.0,0.374,137.769,83.496,0.8854961832061069,0.8353648512177363,1.0,0.6097083454382397,0.8326423449655207
83,path_Router1_to_Router34,Router34,0.0,0.419,45.072,89.751,1.0,0.9088165527607506,1.0,1.0,0.9772041381901877
84,path_Router1_to_Router34,Router1,0.0,0.026,295.138,47.535,0.0,0.4865189311181004,1.0,0.0,0.3716297327795251
84,path_Router1_to_Router34,Router4,0.0,0.108,158.818,13.887,0.19617224880382778,0.0825910542363929,1.0,0.5462917322881976,0.45626375883210457
84,path_Router1_to_Router34,Router7,0.0,0.13,177.358,54.602,0.2488038277511962,0.5713548294158604,1.0,0.4719941331345652,0.5730381975754054
84,path_Router1_to_Router34,Router10,0.0,0.174,54.191,90.309,0.35406698564593303,1.0,1.0,0.9655762472098326,0.8299108082139415
84,path_Router1_to_Router34,Router13,0.0,0.242,101.956,36.923,0.5167464114832536,0.35912703176394334,1.0,0.7741617475564745,0.6625087977009179
84,path_Router1_to_Router34,Router16,0.0,0.238,86.531,29.694,0.507177033492823,0.27234640224724493,1.0,0.8359762279742082,0.6538749159285691
84,path_Router1_to_Router34,Router19,0.0,0.275,170.257,7.007,0.5956937799043063,0.0,1.0,0.5004508349463205,0.5240361537126567
84,path_Router1_to_Router34,Router22,0.0,0.314,149.263,56.583,0.6889952153110047,0.5951357710499148,1.0,0.5845826470623594,0.7171784083558197
84,path_Router1_to_Router34,Router25,0.0,0.316,143.296,59.424,0.69377990430622,0.6292405944635183,1.0,0.6084949326152034,0.7328788578462355
84,path_Router1_to_Router34,Router28,0.0,0.392,147.739,32.929,0.8755980861244019,0.3111810040575257,1.0,0.590689957801849,0.6943672619959442
84,path_Router1_to_Router34,Router31,0.0,0.361,130.852,83.973,0.8014354066985645,0.9239394012148568,1.0,0.6583632888108777,0.8459345241810747
84,path_Router1_to_Router34,Router34,0.0,0.444,45.601,89.747,1.0,0.9932534633022017,1.0,1.0,0.9983133658255504
85,path_Router1_to_Router34,Router1,0.0,0.023,231.609,51.871,0.0,0.4886520881683173,1.0,0.0,0.3721630220420793
85,path_Router1_to_Router34,Router4,0.0,0.106,173.734,7.023,0.1939252336448598,0.0,1.0,0.30419859766417523,0.37453095782725876
85,path_Router1_to_Router34,Router7,0.0,0.161,166.296,44.529,0.3224299065420561,0.40865557480469383,1.0,0.3432937021035038,0.5185947958625634
85,path_Router1_to_Router34,Router10,0.0,0.207,62.884,98.802,0.42990654205607476,1.0,1.0,0.8868407497345654,0.82918682294766
85,path_Router1_to_Router34,Router13,0.0,0.244,113.8,28.975,0.5163551401869159,0.23918325542880178,1.0,0.619219569627971,0.5936894913109221
85,path_Router1_to_Router34,Router16,0.0,0.257,84.617,18.85,0.5467289719626168,0.12886390132819056,1.0,0.7726092486885953,0.6120505304948507
85,path_Router1_to_Router34,Router19,0.0,0.301,183.266,9.641,0.6495327102803737,0.028525043855348174,1.0,0.25409715433052665,0.4830387271165621
85,path_Router1_to_Router34,Router22,0.0,0.309,153.917,57.319,0.6682242990654205,0.5480120724784537,1.0,0.40835935118315514,0.6561489306817574
85,path_Router1_to_Router34,Router25,0.0,0.382,164.34,55.512,0.8387850467289719,0.528323472689831,1.0,0.35357469488157933,0.6801708035750956
85,path_Router1_to_Router34,Router28,0.0,0.357,153.02,40.52,0.7803738317757009,0.3649745584501901,1.0,0.41307410093874497,0.639605622791159
85,path_Router1_to_Router34,Router31,0.0,0.431,139.397,78.248,0.9532710280373832,0.7760489872410901,1.0,0.4846783773271522,0.8034995981514064
85,path_Router1_to_Router34,Router34,0.0,0.451,41.355,97.132,1.0,0.981804116410072,1.0,1.0,0.995451029102518
86,path_Router1_to_Router34,Router1,0.0,0.026,301.508,47.802,0.0,0.5151244113495048,1.0,0.0,0.3787811028373762
86,path_Router1_to_Router34,Router4,0.0,0.095,154.055,4.461,0.16350710900473936,0.04807267476319278,1.0,0.5680686060353894,0.4449120974508304
86,path_Router1_to_Router34,Router7,0.0,0.132,165.085,46.348,0.2511848341232228,0.4994558013728892,1.0,0.5255750879342295,0.5690539308575854
86,path_Router1_to_Router34,Router10,0.0,0.191,49.935,87.956,0.39099526066350715,0.947832365270429,1.0,0.9691950887817884,0.827005678678931
86,path_Router1_to_Router34,Router13,0.0,0.234,108.872,32.824,0.49289099526066354,0.35371833141157577,1.0,0.7421379286432509,0.6471868138288726
86,path_Router1_to_Router34,Router16,0.0,0.234,72.174,25.684,0.49289099526066354,0.27677618888541655,1.0,0.8835184478886154,0.6632964080086738
86,path_Router1_to_Router34,Router19,0.0,0.259,161.659,0.0,0.552132701421801,0.0,1.0,0.5387738905647439,0.5227266479966362
86,path_Router1_to_Router34,Router22,0.0,0.35,152.352,58.066,0.7677725118483412,0.6257314352834683,1.0,0.574629481948923,0.7420333572701832
86,path_Router1_to_Router34,Router25,0.0,0.341,162.771,51.211,0.7464454976303317,0.5518605127320926,1.0,0.5344898658930767,0.7081989690638752
86,path_Router1_to_Router34,Router28,0.0,0.366,169.567,40.631,0.8056872037914692,0.4378482062997726,1.0,0.5083080028817001,0.6879608532432355
86,path_Router1_to_Router34,Router31,0.0,0.425,113.447,79.409,0.9454976303317535,0.8557280946582326,1.0,0.7245125573546919,0.8814345705861695
86,path_Router1_to_Router34,Router34,0.0,0.448,41.939,92.797,1.0,1.0,1.0,1.0,1.0
87,path_Router1_to_Router34,Router1,0.0,0.026,274.505,62.215,0.0,0.5979039490032955,1.0,0.0,0.3994759872508239
87,path_Router1_to_Router34,Router4,0.0,0.1,164.933,10.559,0.18316831683168322,0.03979255577764572,1.0,0.4598667892172293,0.4207069154566395
87,path_Router1_to_Router34,Router7,0.0,0.144,144.576,45.619,0.29207920792079206,0.41859434930581824,1.0,0.545303837259568,0.5639943486215446
87,path_Router1_to_Router34,Router10,0.0,0.208,50.336,99.431,0.4504950495049505,1.0,1.0,0.9408231872379537,0.847829559185726
87,path_Router1_to_Router34,Router13,0.0,0.224,105.665,31.659,0.49009900990099015,0.2677651126357301,1.0,0.7086108557974389,0.6166187445835398
87,path_Router1_to_Router34,Router16,0.0,0.283,86.011,23.735,0.636138613861386,0.1821511533682675,1.0,0.791097457075826,0.65234680607637
87,path_Router1_to_Router34,Router19,0.0,0.302,179.33,6.876,0.6831683168316831,0.0,1.0,0.39944348614381214,0.5206529507438739
87,path_Router1_to_Router34,Router22,0.0,0.338,155.789,67.188,0.7722772277227723,0.6516341634703691,1.0,0.4982435818339776,0.7305387432567797
87,path_Router1_to_Router34,Router25,0.0,0.304,137.633,54.523,0.6881188118811881,0.5147966074226137,1.0,0.5744431713735315,0.6943396476693333
87,path_Router1_to_Router34,Router28,0.0,0.398,151.654,38.856,0.9207920792079208,0.34552428285884074,1.0,0.5155979166404357,0.6954785696767993
87,path_Router1_to_Router34,Router31,0.0,0.398,115.436,82.886,0.9207920792079208,0.8212414240181514,1.0,0.6676025836344635,0.8524090217151339
87,path_Router1_to_Router34,Router34,0.0,0.43,36.236,92.597,1.0,0.9261628221057749,1.0,1.0,0.9815407055264438
88,path_Router1_to_Router34,Router1,0.0,0.025,302.266,60.519,0.0,0.6485313501291298,1.0,0.0,0.41213283753228247
88,path_Router1_to_Router34,Router4,0.0,0.102,146.118,19.193,0.17579908675799083,0.20567527888809117,1.0,0.5857146072304703,0.4917972432191381
88,path_Router1_to_Router34,Router7,0.0,0.162,147.817,58.752,0.3127853881278539,0.6295958935670886,1.0,0.5793416205916111,0.6304307255716384
88,path_Router1_to_Router34,Router10,0.0,0.184,53.781,93.317,0.363013698630137,1.0,1.0,0.9320727398216012,0.8237716096129345
88,path_Router1_to_Router34,Router13,0.0,0.204,119.418,34.365,0.408675799086758,0.3682608742244179,1.0,0.6858668987299038,0.6157008930102699
88,path_Router1_to_Router34,Router16,0.0,0.247,68.584,33.473,0.5068493150684932,0.3587020585745363,1.0,0.8765463588827954,0.6855244331314562
88,path_Router1_to_Router34,Router19,0.0,0.312,200.834,0.0,0.6552511415525114,0.0,1.0,0.38047367907754864,0.508931205157515
88,path_Router1_to_Router34,Router22,0.0,0.347,145.36,68.336,0.7351598173515981,0.7322995809981033,1.0,0.5885578820228511,0.7640043200931381
88,path_Router1_to_Router34,Router25,0.0,0.381,139.802,56.416,0.8127853881278538,0.6045629413718829,1.0,0.6094060631522089,0.7566885981629865
88,path_Router1_to_Router34,Router28,0.0,0.358,133.179,43.289,0.7602739726027397,0.4638918953674036,1.0,0.6342490828750834,0.7146037377113066
88,path_Router1_to_Router34,Router31,0.0,0.403,121.39,79.489,0.863013698630137,0.8518169251047506,1.0,0.6784698830431293,0.8483251266945042
88,path_Router1_to_Router34,Router34,0.0,0.463,35.672,90.536,1.0,0.9701983561408962,1.0,1.0,0.9925495890352241
89,path_Router1_to_Router34,Router1,0.0,0.025,291.997,49.445,0.0,0.4350940017905103,1.0,0.0,0.35877350044762757
89,path_Router1_to_Router34,Router4,0.0,0.093,172.328,15.786,0.16545012165450124,0.05365864714481602,1.0,0.47157409414221824,0.42267071573538384
89,path_Router1_to_Router34,Router7,0.0,0.15,140.511,54.642,0.30413625304136255,0.49398819169792507,1.0,0.5969538746478041,0.5987695798467729
89,path_Router1_to_Router34,Router10,0.0,0.202,50.445,99.294,0.4306569343065694,1.0,1.0,0.9518727956968062,0.8456324325008439
89,path_Router1_to_Router34,Router13,0.0,0.208,115.341,35.202,0.44525547445255476,0.27368743129766665,1.0,0.6961401296475085,0.6037707588494325
89,path_Router1_to_Router34,Router16,0.0,0.284,77.862,24.868,0.6301703163017031,0.15657899210135648,1.0,0.8438318917108348,0.6576453000284735
89,path_Router1_to_Router34,Router19,0.0,0.286,199.876,11.051,0.6350364963503649,0.0,1.0,0.36301696451441295,0.49951336521619444
89,path_Router1_to_Router34,Router22,0.0,0.322,149.208,64.796,0.7226277372262774,0.6090568090386774,1.0,0.5626820089452841,0.7235916388025597
89,path_Router1_to_Router34,Router25,0.0,0.318,163.408,45.011,0.7128953771289538,0.3848463900819329,1.0,0.5067247256319825,0.6511166232107173
89,path_Router1_to_Router34,Router28,0.0,0.408,139.053,42.157,0.9318734793187348,0.35250388132769733,1.0,0.6026993478218037,0.7217691771170589
89,path_Router1_to_Router34,Router31,0.0,0.423,141.139,81.343,0.9683698296836982,0.7965730992826627,1.0,0.5944791440900045,0.8398555182640914
89,path_Router1_to_Router34,Router34,0.0,0.436,38.232,90.445,1.0,0.8997200911120429,1.0,1.0,0.9749300227780107
90,path_Router1_to_Router34,Router1,0.0,0.027,309.774,60.404,0.0,0.5955299206921414,1.0,0.0,0.39888248017303535
90,path_Router1_to_Router34,Router4,0.0,0.093,138.396,17.144,0.15865384615384617,0.07570295602018744,1.0,0.6286332624165506,0.4657475161476461
90,path_Router1_to_Router34,Router7,0.0,0.151,163.223,56.543,0.2980769230769231,0.5491348233597693,1.0,0.5375651089428508,0.5961942138448858
90,path_Router1_to_Router34,Router10,0.0,0.168,59.796,94.064,0.33894230769230776,1.0,1.0,0.9169466656885041,0.8139722433452029
90,path_Router1_to_Router34,Router13,0.0,0.24,105.135,32.441,0.5120192307692307,0.25951694304253786,1.0,0.7506382510454113,0.630543606214295
90,path_Router1_to_Router34,Router16,0.0,0.262,72.804,23.359,0.5649038461538463,0.15038452295121368,1.0,0.8692318978798327,0.6461300667462232
90,path_Router1_to_Router34,Router19,0.0,0.263,179.694,10.844,0.5673076923076924,0.0,1.0,0.47714767808671416,0.5111138425986017
90,path_Router1_to_Router34,Router22,0.0,0.306,166.847,58.697,0.6706730769230769,0.5750180245133382,1.0,0.5242718802729073,0.6924907454273306
90,path_Router1_to_Router34,Router25,0.0,0.332,154.68,52.088,0.733173076923077,0.49560201874549387,1.0,0.5689017680287579,0.6994192159243321
90,path_Router1_to_Router34,Router28,0.0,0.378,168.503,41.316,0.84375,0.3661619802931988,1.0,0.5181974910131318,0.6820273678265826
90,path_Router1_to_Router34,Router31,0.0,0.443,131.884,71.041,1.0,0.7233477529440038,1.0,0.6525199911965374,0.8439669360351352
90,path_Router1_to_Router34,Router34,0.0,0.411,37.154,93.252,0.923076923076923,0.9902427301129536,1.0,1.0,0.9783299132974692
91,path_Router1_to_Router34,Router1,0.0,0.023,231.902,56.06,0.0,0.5440962855364184,1.0,0.0,0.3860240713841046
91,path_Router1_to_Router34,Router4,0.0,0.09,178.637,9.334,0.16105769230769232,0.05928615895413986,1.0,0.27023530486134356,0.3726447890307939
91,path_Router1_to_Router34,Router7,0.0,0.136,170.563,47.679,0.2716346153846154,0.45713841045860143,1.0,0.3111980355747669,0.5099927653544959
91,path_Router1_to_Router34,Router10,0.0,0.167,61.543,100.0,0.3461538461538462,1.0,1.0,0.8643014418637687,0.8026138220044037
91,path_Router1_to_Router34,Router13,0.0,0.219,116.596,32.787,0.4711538461538462,0.3026250259389915,1.0,0.5849948758536015,0.5896934369866098
91,path_Router1_to_Router34,Router16,0.0,0.271,73.637,33.82,0.5961538461538463,0.31334301722349034,1.0,0.8029435938023195,0.678110114294914
91,path_Router1_to_Router34,Router19,0.0,0.308,217.395,3.62,0.6850961538461539,0.0,1.0,0.07359999188254024,0.4396740364321735
91,path_Router1_to_Router34,Router22,0.0,0.324,182.75,59.702,0.7235576923076923,0.5818842083419797,1.0,0.2493683601716842,0.6387025652053391
91,path_Router1_to_Router34,Router25,0.0,0.342,170.693,52.739,0.7668269230769231,0.5096389292384312,1.0,0.31053849197893507,0.6467510860735723
91,path_Router1_to_Router34,Router28,0.0,0.364,164.11,37.367,0.8197115384615384,0.35014525835235527,1.0,0.34393676498939646,0.6284483904508226
91,path_Router1_to_Router34,Router31,0.0,0.439,145.89,83.167,1.0,0.8253475824859929,1.0,0.43637433665134495,0.8154304797843345
91,path_Router1_to_Router34,Router34,0.0,0.411,34.796,82.387,0.9326923076923076,0.8172546171404855,1.0,1.0,0.9374867312081983
92,path_Router1_to_Router34,Router1,0.0,0.023,231.491,53.784,0.0,0.49710735689788565,1.0,0.0,0.3742768392244714
92,path_Router1_to_Router34,Router4,0.0,0.088,179.772,10.735,0.16455696202531647,0.0,1.0,0.2631956601392339,0.3569381555411376
92,path_Router1_to_Router34,Router7,0.0,0.13,171.967,57.029,0.27088607594936714,0.5345789212346563,1.0,0.30291495338517277,0.5270949876422991
92,path_Router1_to_Router34,Router10,0.0,0.19,56.491,97.334,0.42278481012658237,1.0,1.0,0.8905671131376459,0.828337980816057
92,path_Router1_to_Router34,Router13,0.0,0.197,110.749,27.81,0.4405063291139241,0.19717317751937088,1.0,0.6144505964255181,0.5630325257647033
92,path_Router1_to_Router34,Router16,0.0,0.236,66.523,23.523,0.5392405063291139,0.14766914167600087,1.0,0.839514717257664,0.6316060913156947
92,path_Router1_to_Router34,Router19,0.0,0.301,191.516,13.013,0.7037974683544304,0.026305153639187524,1.0,0.20343097341529953,0.48338339885222936
92,path_Router1_to_Router34,Router22,0.0,0.317,185.08,62.875,0.7443037974683545,0.6020854744281111,1.0,0.23618348735903594,0.6456431898138754
92,path_Router1_to_Router34,Router25,0.0,0.375,130.93,50.543,0.8911392405063292,0.45968198247092923,1.0,0.5117503969384847,0.7156429049789359
92,path_Router1_to_Router34,Router28,0.0,0.415,167.172,41.941,0.9924050632911392,0.3603505814154898,1.0,0.32731649228514437,0.6700180342479434
92,path_Router1_to_Router34,Router31,0.0,0.418,141.285,82.841,1.0,0.8326424092656958,1.0,0.45905426861539717,0.8229241694702732
92,path_Router1_to_Router34,Router34,0.0,0.411,34.987,85.948,0.9822784810126582,0.8685204217138764,1.0,1.0,0.9626997256816336
93,path_Router1_to_Router34,Router1,0.0,0.025,249.101,50.728,0.0,0.47661777588104487,1.0,0.0,0.3691544439702612
93,path_Router1_to_Router34,Router4,0.0,0.094,137.229,20.251,0.1778350515463918,0.1343410974596258,1.0,0.5260183282630467,0.4595486193172661
93,path_Router1_to_Router34,Router7,0.0,0.133,148.249,45.477,0.2783505154639176,0.4176456054446216,1.0,0.4742026641338744,0.5425496962606035
93,path_Router1_to_Router34,Router10,0.0,0.188,53.44,97.331,0.4201030927835052,1.0,1.0,0.9199913483827589,0.835023610291566
93,path_Router1_to_Router34,Router13,0.0,0.202,99.041,27.188,0.4561855670103094,0.21224815255722018,1.0,0.7055770017444294,0.5935026803279897
93,path_Router1_to_Router34,Router16,0.0,0.268,80.732,27.14,0.6262886597938145,0.21170908110779182,1.0,0.7916652952599482,0.6574157590403886
93,path_Router1_to_Router34,Router19,0.0,0.268,182.996,8.289,0.6262886597938145,0.0,1.0,0.31082345528665534,0.48427802877011744
93,path_Router1_to_Router34,Router22,0.0,0.31,159.881,55.889,0.7345360824742269,0.53457918734979,1.0,0.41950939687883504,0.672156166675713
93,path_Router1_to_Router34,Router25,0.0,0.308,161.836,47.056,0.729381443298969,0.43537880999977535,1.0,0.4103170535600934,0.6437693267147094
93,path_Router1_to_Router34,Router28,0.0,0.361,158.944,39.545,0.865979381443299,0.35102535881943353,1.0,0.4239151389195823,0.6602299697955787
93,path_Router1_to_Router34,Router31,0.0,0.413,134.559,71.563,1.0,0.7106084768985422,1.0,0.538572577194525,0.8122952635232668
93,path_Router1_to_Router34,Router34,0.0,0.409,36.424,85.958,0.9896907216494846,0.872273758451068,1.0,1.0,0.9654911200251381
94,path_Router1_to_Router34,Router1,0.0,0.022,266.555,55.812,0.0,0.5713450780662938,1.0,0.0,0.39283626951657347
94,path_Router1_to_Router34,Router4,0.0,0.093,139.897,4.296,0.16627634660421547,0.03368957167905152,1.0,0.57193819032395,0.44297602715180423
94,path_Router1_to_Router34,Router7,0.0,0.149,147.397,46.619,0.297423887587822,0.47540076813893295,1.0,0.5380711118336088,0.577723941890091
94,path_Router1_to_Router34,Router10,0.0,0.184,52.23,96.884,0.37939110070257615,1.0,1.0,0.9678082129923145,0.8367998284237226
94,path_Router1_to_Router34,Router13,0.0,0.202,111.968,30.99,0.42154566744730687,0.31228604825916334,1.0,0.6980546750115147,0.6079715976794963
94,path_Router1_to_Router34,Router16,0.0,0.276,86.789,28.302,0.594847775175644,0.2842322785338565,1.0,0.8117532309192881,0.6727083211571971
94,path_Router1_to_Router34,Router19,0.0,0.277,190.095,1.068,0.5971896955503513,0.0,1.0,0.3452635761828642,0.48561331793330387
94,path_Router1_to_Router34,Router22,0.0,0.347,185.248,69.274,0.7611241217798594,0.7118435334390916,1.0,0.36715074010855536,0.7100295988318766
94,path_Router1_to_Router34,Router25,0.0,0.325,138.299,55.897,0.7096018735362998,0.5722321950404943,1.0,0.5791541358476252,0.7152470511061048
94,path_Router1_to_Router34,Router28,0.0,0.346,156.566,41.726,0.7587822014051522,0.42433414043583534,1.0,0.49666747947655043,0.6699459553293845
94,path_Router1_to_Router34,Router31,0.0,0.449,143.139,72.507,1.0,0.7455852884695667,1.0,0.5572985811951917,0.8257209674161896
94,path_Router1_to_Router34,Router34,0.0,0.447,45.101,86.21,0.9953161592505855,0.8885989813809801,1.0,1.0,0.9709787851578914
95,path_Router1_to_Router34,Router1,0.0,0.023,306.636,58.614,0.0,0.6718167959929854,1.0,0.0,0.4179541989982464
95,path_Router1_to_Router34,Router4,0.0,0.099,133.513,4.398,0.16414686825054,0.050408610038167496,1.0,0.6497269707830591,0.46607061226794166
95,path_Router1_to_Router34,Router7,0.0,0.152,149.877,49.002,0.2786177105831534,0.5616468188017927,1.0,0.5883132236212494,0.6071444382515488
95,path_Router1_to_Router34,Router10,0.0,0.207,53.396,87.247,0.39740820734341253,1.0,1.0,0.9504043834793866,0.8369531477056998
95,path_Router1_to_Router34,Router13,0.0,0.23,117.404,27.493,0.44708423326133917,0.31511685215537494,1.0,0.7101837083184778,0.6180961984337979
95,path_Router1_to_Router34,Router16,0.0,0.253,72.262,18.7,0.4967602591792657,0.21433401721549164,1.0,0.8796006830421647,0.6476737398592305
95,path_Router1_to_Router34,Router19,0.0,0.267,208.01,0.0,0.5269978401727863,0.0,1.0,0.3701412996566025,0.47428478495734716
95,path_Router1_to_Router34,Router22,0.0,0.293,139.482,68.766,0.5831533477321814,0.7881760977454813,1.0,0.6273254395676569,0.7496637212613299
95,path_Router1_to_Router34,Router25,0.0,0.359,146.223,55.779,0.7257019438444924,0.6393228420461449,1.0,0.6020266086205925,0.7417628486278074
95,path_Router1_to_Router34,Router28,0.0,0.402,162.983,40.561,0.8185745140388769,0.4648985065389068,1.0,0.5391266818036816,0.7056499255953663
95,path_Router1_to_Router34,Router31,0.0,0.366,117.438,70.792,0.7408207343412527,0.811397526562518,1.0,0.710056107034959,0.8155685919846823
95,path_Router1_to_Router34,Router34,0.0,0.486,40.181,85.673,1.0,0.981959265075017,1.0,1.0,0.9954898162687542
96,path_Router1_to_Router34,Router1,0.0,0.026,301.623,49.22,0.0,0.5456073207232403,1.0,0.0,0.3864018301808101
96,path_Router1_to_Router34,Router4,0.0,0.108,147.242,7.464,0.20812182741116755,0.03340202644684871,1.0,0.5976254625973584,0.4597873291138437
96,path_Router1_to_Router34,Router7,0.0,0.146,162.509,58.722,0.30456852791878175,0.6621648144059272,1.0,0.5385252628482061,0.6263146512932288
96,path_Router1_to_Router34,Router10,0.0,0.204,53.573,86.263,0.4517766497461929,1.0,1.0,0.960228240504173,0.8530012225625915
96,path_Router1_to_Router34,Router13,0.0,0.207,117.841,36.482,0.4593908629441625,0.3893550207306003,1.0,0.711439897183382,0.6400464452145362
96,path_Router1_to_Router34,Router16,0.0,0.251,70.559,26.761,0.5710659898477158,0.2701111356443659,1.0,0.8944736067883742,0.683912683070114
96,path_Router1_to_Router34,Router19,0.0,0.265,166.472,4.741,0.6065989847715737,0.0,1.0,0.5231840634242269,0.5324457620489501
96,path_Router1_to_Router34,Router22,0.0,0.326,145.946,66.415,0.7614213197969544,0.7565319790976669,1.0,0.602642418048652,0.7801489292358184
96,path_Router1_to_Router34,Router25,0.0,0.353,138.542,51.542,0.8299492385786802,0.574090429577292,1.0,0.6313040987287282,0.7588359417211752
96,path_Router1_to_Router34,Router28,0.0,0.352,157.303,39.554,0.8274111675126903,0.4270381001447462,1.0,0.5586782490206097,0.7032818791695115
96,path_Router1_to_Router34,Router31,0.0,0.402,145.12,75.769,0.9543147208121828,0.8712740119231619,1.0,0.6058399529273315,0.8578571714156691
96,path_Router1_to_Router34,Router34,0.0,0.42,43.299,84.246,1.0,0.9752582125070531,1.0,1.0,0.9938145531267633
97,path_Router1_to_Router34,Router1,0.0,0.026,260.923,61.791,0.0,0.6176582326570929,1.0,0.0,0.4044145581642732
97,path_Router1_to_Router34,Router4,0.0,0.105,176.308,20.057,0.19315403422982885,0.08915229339209278,1.0,0.37426023725484997,0.41414164121919295
97,path_Router1_to_Router34,Router7,0.0,0.135,142.843,58.857,0.26650366748166265,0.5805030012916952,1.0,0.5222791327194077,0.5923214503731914
97,path_Router1_to_Router34,Router10,0.0,0.186,58.578,89.979,0.39119804400978,0.9746219892105462,1.0,0.8949912865015967,0.8152028299304808
97,path_Router1_to_Router34,Router13,0.0,0.209,104.189,25.526,0.4474327628361858,0.15840994858546714,1.0,0.6932494714400714,0.5747730457154311
97,path_Router1_to_Router34,Router16,0.0,0.266,88.087,28.455,0.58679706601467,0.19550186156067165,1.0,0.7644701573737428,0.6366922712372711
97,path_Router1_to_Router34,Router19,0.0,0.279,198.561,13.017,0.6185819070904646,0.0,1.0,0.2758330900630733,0.47360374928838445
97,path_Router1_to_Router34,Router22,0.0,0.294,166.517,65.915,0.6552567237163813,0.6698832408884837,1.0,0.41756676662862807,0.6856766828083732
97,path_Router1_to_Router34,Router25,0.0,0.303,134.864,58.929,0.6772616136919315,0.5814147861104779,1.0,0.5575710128004387,0.704061853150712
97,path_Router1_to_Router34,Router28,0.0,0.355,155.41,42.52,0.80440097799511,0.37361649317427753,1.0,0.4666940898596109,0.6611778902572496
97,path_Router1_to_Router34,Router31,0.0,0.358,112.871,69.623,0.8117359413202934,0.7168401590557962,1.0,0.6548481551268102,0.795856063875725
97,path_Router1_to_Router34,Router34,0.0,0.435,34.837,91.983,1.0,1.0,1.0,1.0,1.0
98,path_Router1_to_Router34,Router1,0.0,0.022,252.768,60.922,0.0,0.5987895760044436,1.0,0.0,0.39969739400111093
98,path_Router1_to_Router34,Router4,0.0,0.098,154.389,15.461,0.19487179487179493,0.07271801518237364,1.0,0.4597643671983437,0.43183854431312807
98,path_Router1_to_Router34,Router7,0.0,0.145,149.504,55.096,0.31538461538461543,0.5313715052768005,1.0,0.4825939236459994,0.5823375110768538
98,path_Router1_to_Router34,Router10,0.0,0.185,55.511,95.593,0.417948717948718,1.0,1.0,0.921860760735967,0.8349523696711714
98,path_Router1_to_Router34,Router13,0.0,0.202,108.085,38.368,0.4615384615384616,0.337796241436771,1.0,0.6761614566051491,0.6188740398950955
98,path_Router1_to_Router34,Router16,0.0,0.26,79.402,24.976,0.6102564102564104,0.18282493982595815,1.0,0.8102085738186814,0.6508224809752625
98,path_Router1_to_Router34,Router19,0.0,0.305,203.493,9.177,0.7256410256410256,0.0,1.0,0.23028175925449934,0.4889806962238813
98,path_Router1_to_Router34,Router22,0.0,0.297,183.325,66.335,0.7051282051282051,0.6614284391779299,1.0,0.3245348799170005,0.6727728810557838
98,path_Router1_to_Router34,Router25,0.0,0.366,160.875,45.823,0.882051282051282,0.42406498796519165,1.0,0.42945269818718834,0.6838922420509155
98,path_Router1_to_Router34,Router28,0.0,0.364,154.749,29.718,0.8769230769230769,0.2376990372153305,1.0,0.45808194338643876,0.6431760143812115
98,path_Router1_to_Router34,Router31,0.0,0.371,145.944,77.572,0.8948717948717949,0.7914622292168119,1.0,0.49923122578594903,0.7963913124686389
98,path_Router1_to_Router34,Router34,0.0,0.412,38.791,88.859,1.0,0.9220746158118865,1.0,1.0,0.9805186539529717
99,path_Router1_to_Router34,Router1,0.0,0.026,275.911,60.444,0.0,0.6233139255501046,1.0,0.0,0.40582848138752614
99,path_Router1_to_Router34,Router4,0.0,0.09,174.983,17.653,0.15384615384615385,0.14511136193466917,1.0,0.43153200531889874,0.43262238027493044
99,path_Router1_to_Router34,Router7,0.0,0.157,134.592,58.579,0.3149038461538462,0.6024719779175933,1.0,0.6042294651599304,0.6304013223078425
99,path_Router1_to_Router34,Router10,0.0,0.191,48.669,94.151,0.3966346153846154,1.0,1.0,0.9716054608500831,0.8420600190586747
99,path_Router1_to_Router34,Router13,0.0,0.226,114.434,32.027,0.48076923076923084,0.30574522535006654,1.0,0.6904178585019005,0.6192330786552995
99,path_Router1_to_Router34,Router16,0.0,0.276,75.212,24.946,0.6009615384615384,0.22661287618877335,1.0,0.8581170927344014,0.6714228768461783
99,path_Router1_to_Router34,Router19,0.0,0.288,195.017,4.668,0.6298076923076922,0.0,1.0,0.34587379159665305,0.49392037097608626
99,path_Router1_to_Router34,Router22,0.0,0.306,171.2,56.904,0.673076923076923,0.5837533386229787,1.0,0.4477067593625873,0.6761342552656222
99,path_Router1_to_Router34,Router25,0.0,0.346,157.52,48.0,0.7692307692307692,0.48424840472491987,1.0,0.5061975432160524,0.6899191792929353
99,path_Router1_to_Router34,Router28,0.0,0.366,151.348,38.07,0.8173076923076923,0.37327760580221947,1.0,0.5325868062236245,0.6807930260833841
99,path_Router1_to_Router34,Router31,0.0,0.377,140.012,73.533,0.84375,0.769587519417096,1.0,0.581055485007461,0.7985982511061392
99,path_Router1_to_Router34,Router34,0.0,0.442,42.028,85.1,1.0,0.8988522959668317,1.0,1.0,0.9747130739917079
100,path_Router1_to_Router34,Router1,0.0,0.022,246.854,58.612,0.0,0.54469838133938,1.0,0.0,0.386174595334845
100,path_Router1_to_Router34,Router4,0.0,0.104,142.752,10.971,0.18141592920353983,0.009922995756909058,1.0,0.49171051512890035,0.4207623600223373
100,path_Router1_to_Router34,Router7,0.0,0.158,141.092,58.542,0.3008849557522124,0.5439126237568193,1.0,0.49955128144572397,0.5860872152386889
100,path_Router1_to_Router34,Router10,0.0,0.201,49.2,99.173,0.3960176991150443,1.0,1.0,0.9335896539671443,0.8324018382705473
100,path_Router1_to_Router34,Router13,0.0,0.239,107.68,34.673,0.48008849557522126,0.27598051321195255,1.0,0.6573679586612128,0.6033592418620967
100,path_Router1_to_Router34,Router16,0.0,0.242,68.796,24.686,0.4867256637168142,0.16387535639718923,1.0,0.8410308246030022,0.6229079611792514
100,path_Router1_to_Router34,Router19,0.0,0.279,184.924,10.087,0.5685840707964602,0.0,1.0,0.29251726385595667,0.46527533366310425
100,path_Router1_to_Router34,Router22,0.0,0.318,148.406,60.215,0.6548672566371682,0.5626922299800193,1.0,0.4650046761196709,0.6706410406842146
100,path_Router1_to_Router34,Router25,0.0,0.368,170.697,44.145,0.7654867256637168,0.38230473924073377,1.0,0.3597164098736976,0.626876968694537
100,path_Router1_to_Router34,Router28,0.0,0.409,152.626,29.031,0.8561946902654867,0.21264845205756236,1.0,0.4450721256034084,0.6284788169816143
100,path_Router1_to_Router34,Router31,0.0,0.391,145.31,82.338,0.8163716814159293,0.8110253013941584,1.0,0.4796281776358673,0.7767562901114887
100,path_Router1_to_Router34,Router34,0.0,0.474,35.14,95.114,1.0,0.9544372853198033,1.0,1.0,0.9886093213299508
